CREATE TABLE IF NOT EXISTS `autobus` (
  `id_autobus` int(11) NOT NULL,
  `num_asientos` int(11) NOT NULL,
  `modelo` int(11) DEFAULT NULL,
  `num_serie` varchar(20) DEFAULT NULL,
  `id_chofer` int(11) NOT NULL,
  PRIMARY KEY (`id_autobus`)
) ENGINE=MyISAM DEFAULT CHARSET=latin1;

--
-- Volcar la base de datos para la tabla `autobus`
--

INSERT INTO `autobus` (`id_autobus`, `num_asientos`, `modelo`, `num_serie`, `id_chofer`) VALUES
(0, 36, 2009, 'WE435TF6', 0),
(1, 36, 2009, 'WE435TF6', 1),
(2, 36, 2009, 'WE435TF6', 2),
(3, 36, 2009, 'WE435TF6', 3),
(4, 36, 2009, 'WE435TF6', 4),
(100, 36, 2000, '123456789', 5),
(200, 36, 123, '123', 0),
(500, 36, 2147483647, '123456789', 0),
(700, 36, 2147483647, '12345678910', 0),
(800, 36, 2147483647, '12345678910', 0),
(1000, 321321, 32131321, '32132132', 0),
(1100, 36, 2147483647, '321321321321321213', 11),
(1200, 321321, 321321, '3213122', 0);

-- --------------------------------------------------------

--
-- Estructura de tabla para la tabla `boleto`
--

CREATE TABLE IF NOT EXISTS `boleto` (
  `id` int(20) NOT NULL AUTO_INCREMENT,
  `hora_salida` time NOT NULL,
  `hora_llegada` time NOT NULL,
  `num_autobus` int(11) NOT NULL,
  `nombre_terminal_salida` varchar(50) NOT NULL,
  `ciudad_salida` varchar(45) NOT NULL,
  `fecha_salida` date NOT NULL,
  `nombre_terminal_llegada` varchar(50) NOT NULL,
  `ciudad_llegada` varchar(45) NOT NULL,
  `fecha_llegada` date NOT NULL,
  `precio` float NOT NULL,
  UNIQUE KEY `num_boleto` (`id`)
) ENGINE=MyISAM  DEFAULT CHARSET=latin1 AUTO_INCREMENT=7 ;

--
-- Volcar la base de datos para la tabla `boleto`
--

INSERT INTO `boleto` (`id`, `hora_salida`, `hora_llegada`, `num_autobus`, `nombre_terminal_salida`, `ciudad_salida`, `fecha_salida`, `nombre_terminal_llegada`, `ciudad_llegada`, `fecha_llegada`, `precio`) VALUES
(1, '07:00:00', '00:30:00', 1, 'MARTINEZ DE LA TORRE', 'MARTINEZ DE LA TORRE', '2010-01-01', 'TLAPACOYAN', 'TLAPACOYAN', '2010-01-01', 13.5),
(2, '07:30:00', '00:30:00', 2, 'MARTINEZ DE LA TORRE', 'MARTINEZ DE LA TORRE', '2010-01-01', 'TLAPACOYAN', 'TLAPACOYAN', '2010-01-01', 13.5),
(3, '08:00:00', '00:30:00', 3, 'MARTINEZ DE LA TORRE', 'MARTINEZ DE LA TORRE', '2010-01-01', 'TLAPACOYAN', 'TLAPACOYAN', '2010-01-01', 13.5),
(4, '07:00:00', '00:30:00', 4, 'TLAPACOYAN', 'TLAPACOYAN', '2010-01-01', 'MARTINEZ DE LA TORRE', 'MARTINEZ DE LA TORRE', '2010-01-01', 13.5),
(5, '07:30:00', '00:30:00', 1, 'TLAPACOYAN', 'TLAPACOYAN', '2010-01-01', 'MARTINEZ DE LA TORRE', 'MARTINEZ DE LA TORRE', '2010-01-01', 13.5),
(6, '08:00:00', '00:30:00', 2, 'TLAPACOYAN', 'TLAPACOYAN', '2010-01-01', 'MARTINEZ DE LA TORRE', 'MARTINEZ DE LA TORRE', '2010-01-01', 13.5);

-- --------------------------------------------------------

--
-- Estructura de tabla para la tabla `boletos`
--

CREATE TABLE IF NOT EXISTS `boletos` (
  `folio` int(11) NOT NULL AUTO_INCREMENT,
  `id_boleto` int(11) NOT NULL,
  `asiento` int(11) NOT NULL,
  `nombrePasajero` varchar(65) NOT NULL,
  `fecha_venta` date NOT NULL,
  PRIMARY KEY (`folio`) USING BTREE
) ENGINE=MyISAM  DEFAULT CHARSET=latin1 AUTO_INCREMENT=446 ;

--
-- Volcar la base de datos para la tabla `boletos`
--

INSERT INTO `boletos` (`folio`, `id_boleto`, `asiento`, `nombrePasajero`, `fecha_venta`) VALUES
(1, 1, 2, 'cliente 1', '0000-00-00'),
(2, 1, 5, 'cliente 2', '0000-00-00'),
(3, 1, 24, 'cliente 3', '0000-00-00'),
(4, 1, 18, 'cliente 4', '0000-00-00'),
(9, 1, 33, 'Aide Maricela Gomez Grajales', '0000-00-00'),
(8, 1, 29, 'Daniel Gomez Santos', '0000-00-00'),
(10, 1, 34, 'Manuel Reza Maricon', '0000-00-00'),
(11, 1, 35, 'Juantio Perra Palchan', '0000-00-00'),
(12, 1, 36, 'Benito Bodoque De Don Gato', '0000-00-00'),
(13, 1, 6, 'Farid Becerra Aparicio', '0000-00-00'),
(14, 1, 7, 'Roberto Xotla Hernandez', '0000-00-00'),
(15, 1, 8, 'Gustavo Maez Cid', '0000-00-00'),
(16, 1, 9, 'Juan Perez', '0000-00-00'),
(17, 1, 10, 'Robert Redford', '0000-00-00'),
(18, 1, 11, 'Miguel de icaza', '0000-00-00'),
(19, 1, 12, 'Luda', '0000-00-00'),
(20, 1, 25, 'as', '0000-00-00'),
(21, 1, 30, 'asa', '0000-00-00'),
(22, 1, 31, 'sasas', '0000-00-00'),
(23, 1, 32, 'asas', '0000-00-00'),
(24, 1, 1, 'we', '0000-00-00'),
(25, 1, 3, 'we', '0000-00-00'),
(26, 1, 4, 'we', '0000-00-00'),
(27, 1, 16, 'we', '0000-00-00'),
(28, 1, 19, 'we', '0000-00-00'),
(29, 1, 13, 'wewe', '0000-00-00'),
(30, 1, 14, 'we', '0000-00-00'),
(31, 1, 17, 'wewewe', '0000-00-00'),
(32, 1, 21, 'wewe', '0000-00-00'),
(33, 1, 22, 'wewewe', '0000-00-00'),
(34, 1, 13, 'wewe', '0000-00-00'),
(35, 1, 14, 'we', '0000-00-00'),
(36, 1, 17, 'wewewe', '0000-00-00'),
(37, 1, 21, 'wewe', '0000-00-00'),
(38, 1, 22, 'wewewe', '0000-00-00'),
(39, 1, 23, 'asdasd', '0000-00-00'),
(40, 1, 26, 'asdas', '0000-00-00'),
(41, 1, 27, 'dadsas', '0000-00-00'),
(42, 1, 28, 'dasdasd', '0000-00-00'),
(43, 2, 1, 'Jose ramon ibañez Posadas', '2009-12-31'),
(44, 1, 13, 'wewe', '2009-12-31'),
(45, 1, 14, 'we', '2009-12-31'),
(46, 1, 17, 'wewewe', '2009-12-31'),
(47, 1, 21, 'wewe', '2009-12-31'),
(48, 1, 22, 'wewewe', '2009-12-31'),
(49, 1, 13, 'wewe', '2009-12-31'),
(50, 1, 14, 'we', '2009-12-31'),
(51, 1, 17, 'wewewe', '2009-12-31'),
(52, 1, 21, 'wewe', '2009-12-31'),
(53, 1, 22, 'wewewe', '2009-12-31'),
(54, 1, 13, 'wewe', '2009-12-31'),
(55, 1, 14, 'we', '2009-12-31'),
(56, 1, 17, 'wewewe', '2009-12-31'),
(57, 1, 21, 'wewe', '2009-12-31'),
(58, 1, 22, 'wewewe', '2009-12-31'),
(59, 1, 13, 'wewe', '2009-12-31'),
(60, 1, 14, 'we', '2009-12-31'),
(61, 1, 17, 'wewewe', '2009-12-31'),
(62, 1, 21, 'wewe', '2009-12-31'),
(63, 1, 22, 'wewewe', '2009-12-31'),
(64, 1, 13, 'wewe', '2009-12-31'),
(65, 1, 14, 'we', '2009-12-31'),
(66, 1, 17, 'wewewe', '2009-12-31'),
(67, 1, 21, 'wewe', '2009-12-31'),
(68, 1, 22, 'wewewe', '2009-12-31'),
(69, 1, 13, 'wewe', '2009-12-31'),
(70, 1, 14, 'we', '2009-12-31'),
(71, 1, 17, 'wewewe', '2009-12-31'),
(72, 1, 21, 'wewe', '2009-12-31'),
(73, 1, 22, 'wewewe', '2009-12-31'),
(74, 1, 13, 'wewe', '2009-12-31'),
(75, 1, 14, 'we', '2009-12-31'),
(76, 1, 17, 'wewewe', '2009-12-31'),
(77, 1, 21, 'wewe', '2009-12-31'),
(78, 1, 22, 'wewewe', '2009-12-31'),
(79, 1, 13, 'wewe', '2009-12-31'),
(80, 1, 14, 'we', '2009-12-31'),
(81, 1, 17, 'wewewe', '2009-12-31'),
(82, 1, 21, 'wewe', '2009-12-31'),
(83, 1, 22, 'wewewe', '2009-12-31'),
(84, 1, 13, 'wewe', '2009-12-31'),
(85, 1, 14, 'we', '2009-12-31'),
(86, 1, 17, 'wewewe', '2009-12-31'),
(87, 1, 21, 'wewe', '2009-12-31'),
(88, 1, 22, 'wewewe', '2009-12-31'),
(89, 1, 13, 'wewe', '2009-12-31'),
(90, 1, 14, 'we', '2009-12-31'),
(91, 1, 17, 'wewewe', '2009-12-31'),
(92, 1, 21, 'wewe', '2009-12-31'),
(93, 1, 22, 'wewewe', '2009-12-31'),
(94, 1, 13, 'wewe', '2009-12-31'),
(95, 1, 14, 'we', '2009-12-31'),
(96, 1, 17, 'wewewe', '2009-12-31'),
(97, 1, 21, 'wewe', '2009-12-31'),
(98, 1, 22, 'wewewe', '2009-12-31'),
(99, 1, 13, 'wewe', '2009-12-31'),
(100, 1, 14, 'we', '2009-12-31'),
(101, 1, 17, 'wewewe', '2009-12-31'),
(102, 1, 21, 'wewe', '2009-12-31'),
(103, 1, 22, 'wewewe', '2009-12-31'),
(104, 1, 13, 'wewe', '2009-12-31'),
(105, 1, 14, 'we', '2009-12-31'),
(106, 1, 17, 'wewewe', '2009-12-31'),
(107, 1, 21, 'wewe', '2009-12-31'),
(108, 1, 22, 'wewewe', '2009-12-31'),
(109, 1, 13, 'wewe', '2009-12-31'),
(110, 1, 14, 'we', '2009-12-31'),
(111, 1, 17, 'wewewe', '2009-12-31'),
(112, 1, 21, 'wewe', '2009-12-31'),
(113, 1, 22, 'wewewe', '2009-12-31'),
(114, 1, 13, 'wewe', '2009-12-31'),
(115, 1, 14, 'we', '2009-12-31'),
(116, 1, 17, 'wewewe', '2009-12-31'),
(117, 1, 21, 'wewe', '2009-12-31'),
(118, 1, 22, 'wewewe', '2009-12-31'),
(119, 1, 13, 'wewe', '2009-12-31'),
(120, 1, 14, 'we', '2009-12-31'),
(121, 1, 17, 'wewewe', '2009-12-31'),
(122, 1, 21, 'wewe', '2009-12-31'),
(123, 1, 22, 'wewewe', '2009-12-31'),
(124, 1, 13, 'wewe', '2009-12-31'),
(125, 1, 14, 'we', '2009-12-31'),
(126, 1, 17, 'wewewe', '2009-12-31'),
(127, 1, 21, 'wewe', '2009-12-31'),
(128, 1, 22, 'wewewe', '2009-12-31'),
(129, 1, 13, 'wewe', '2009-12-31'),
(130, 1, 14, 'we', '2009-12-31'),
(131, 1, 17, 'wewewe', '2009-12-31'),
(132, 1, 21, 'wewe', '2009-12-31'),
(133, 1, 22, 'wewewe', '2009-12-31'),
(134, 1, 13, 'wewe', '2009-12-31'),
(135, 1, 14, 'we', '2009-12-31'),
(136, 1, 17, 'wewewe', '2009-12-31'),
(137, 1, 21, 'wewe', '2009-12-31'),
(138, 1, 22, 'wewewe', '2009-12-31'),
(139, 1, 13, 'wewe', '2009-12-31'),
(140, 1, 14, 'we', '2009-12-31'),
(141, 1, 17, 'wewewe', '2009-12-31'),
(142, 1, 21, 'wewe', '2009-12-31'),
(143, 1, 22, 'wewewe', '2009-12-31'),
(144, 1, 13, 'wewe', '2009-12-31'),
(145, 1, 14, 'we', '2009-12-31'),
(146, 1, 17, 'wewewe', '2009-12-31'),
(147, 1, 21, 'wewe', '2009-12-31'),
(148, 1, 22, 'wewewe', '2009-12-31'),
(149, 1, 13, 'wewe', '2009-12-31'),
(150, 1, 14, 'we', '2009-12-31'),
(151, 1, 17, 'wewewe', '2009-12-31'),
(152, 1, 21, 'wewe', '2009-12-31'),
(153, 1, 22, 'wewewe', '2009-12-31'),
(154, 1, 13, 'wewe', '2009-12-31'),
(155, 1, 14, 'we', '2009-12-31'),
(156, 1, 17, 'wewewe', '2009-12-31'),
(157, 1, 21, 'wewe', '2009-12-31'),
(158, 1, 22, 'wewewe', '2009-12-31'),
(159, 1, 13, 'wewe', '2009-12-31'),
(160, 1, 14, 'we', '2009-12-31'),
(161, 1, 17, 'wewewe', '2009-12-31'),
(162, 1, 21, 'wewe', '2009-12-31'),
(163, 1, 22, 'wewewe', '2009-12-31'),
(164, 1, 13, 'wewe', '2009-12-31'),
(165, 1, 14, 'we', '2009-12-31'),
(166, 1, 17, 'wewewe', '2009-12-31'),
(167, 1, 21, 'wewe', '2009-12-31'),
(168, 1, 22, 'wewewe', '2009-12-31'),
(169, 1, 13, 'wewe', '2009-12-31'),
(170, 1, 14, 'we', '2009-12-31'),
(171, 1, 17, 'wewewe', '2009-12-31'),
(172, 1, 21, 'wewe', '2009-12-31'),
(173, 1, 22, 'wewewe', '2009-12-31'),
(174, 1, 13, 'wewe', '2009-12-31'),
(175, 1, 14, 'we', '2009-12-31'),
(176, 1, 17, 'wewewe', '2009-12-31'),
(177, 1, 21, 'wewe', '2009-12-31'),
(178, 1, 22, 'wewewe', '2009-12-31'),
(179, 1, 13, 'wewe', '2009-12-31'),
(180, 1, 14, 'we', '2009-12-31'),
(181, 1, 17, 'wewewe', '2009-12-31'),
(182, 1, 21, 'wewe', '2009-12-31'),
(183, 1, 22, 'wewewe', '2009-12-31'),
(184, 1, 13, 'wewe', '2009-12-31'),
(185, 1, 14, 'we', '2009-12-31'),
(186, 1, 17, 'wewewe', '2009-12-31'),
(187, 1, 21, 'wewe', '2009-12-31'),
(188, 1, 22, 'wewewe', '2009-12-31'),
(189, 1, 13, 'wewe', '2009-12-31'),
(190, 1, 14, 'we', '2009-12-31'),
(191, 1, 17, 'wewewe', '2009-12-31'),
(192, 1, 21, 'wewe', '2009-12-31'),
(193, 1, 22, 'wewewe', '2009-12-31'),
(194, 1, 13, 'wewe', '2009-12-31'),
(195, 1, 14, 'we', '2009-12-31'),
(196, 1, 17, 'wewewe', '2009-12-31'),
(197, 1, 21, 'wewe', '2009-12-31'),
(198, 1, 22, 'wewewe', '2009-12-31'),
(199, 1, 13, 'wewe', '2009-12-31'),
(200, 1, 14, 'we', '2009-12-31'),
(201, 1, 17, 'wewewe', '2009-12-31'),
(202, 1, 21, 'wewe', '2009-12-31'),
(203, 1, 22, 'wewewe', '2009-12-31'),
(204, 1, 13, 'wewe', '2009-12-31'),
(205, 1, 14, 'we', '2009-12-31'),
(206, 1, 17, 'wewewe', '2009-12-31'),
(207, 1, 21, 'wewe', '2009-12-31'),
(208, 1, 22, 'wewewe', '2009-12-31'),
(209, 1, 13, 'wewe', '2009-12-31'),
(210, 1, 14, 'we', '2009-12-31'),
(211, 1, 17, 'wewewe', '2009-12-31'),
(212, 1, 21, 'wewe', '2009-12-31'),
(213, 1, 22, 'wewewe', '2009-12-31'),
(214, 1, 13, 'wewe', '2009-12-31'),
(215, 1, 14, 'we', '2009-12-31'),
(216, 1, 17, 'wewewe', '2009-12-31'),
(217, 1, 21, 'wewe', '2009-12-31'),
(218, 1, 22, 'wewewe', '2009-12-31'),
(219, 1, 13, 'wewe', '2009-12-31'),
(220, 1, 14, 'we', '2009-12-31'),
(221, 1, 17, 'wewewe', '2009-12-31'),
(222, 1, 21, 'wewe', '2009-12-31'),
(223, 1, 22, 'wewewe', '2009-12-31'),
(224, 1, 13, 'wewe', '2009-12-31'),
(225, 1, 14, 'we', '2009-12-31'),
(226, 1, 17, 'wewewe', '2009-12-31'),
(227, 1, 21, 'wewe', '2009-12-31'),
(228, 1, 22, 'wewewe', '2009-12-31'),
(229, 1, 13, 'wewe', '2009-12-31'),
(230, 1, 14, 'we', '2009-12-31'),
(231, 1, 17, 'wewewe', '2009-12-31'),
(232, 1, 21, 'wewe', '2009-12-31'),
(233, 1, 22, 'wewewe', '2009-12-31'),
(234, 1, 13, 'wewe', '2009-12-31'),
(235, 1, 14, 'we', '2009-12-31'),
(236, 1, 17, 'wewewe', '2009-12-31'),
(237, 1, 21, 'wewe', '2009-12-31'),
(238, 1, 22, 'wewewe', '2009-12-31'),
(239, 1, 13, 'wewe', '2009-12-31'),
(240, 1, 14, 'we', '2009-12-31'),
(241, 1, 17, 'wewewe', '2009-12-31'),
(242, 1, 21, 'wewe', '2009-12-31'),
(243, 1, 22, 'wewewe', '2009-12-31'),
(244, 1, 13, 'wewe', '2009-12-31'),
(245, 1, 14, 'we', '2009-12-31'),
(246, 1, 17, 'wewewe', '2009-12-31'),
(247, 1, 21, 'wewe', '2009-12-31'),
(248, 1, 22, 'wewewe', '2009-12-31'),
(249, 1, 13, 'wewe', '2009-12-31'),
(250, 1, 14, 'we', '2009-12-31'),
(251, 1, 17, 'wewewe', '2009-12-31'),
(252, 1, 21, 'wewe', '2009-12-31'),
(253, 1, 22, 'wewewe', '2009-12-31'),
(254, 1, 13, 'wewe', '2009-12-31'),
(255, 1, 14, 'we', '2009-12-31'),
(256, 1, 17, 'wewewe', '2009-12-31'),
(257, 1, 21, 'wewe', '2009-12-31'),
(258, 1, 22, 'wewewe', '2009-12-31'),
(259, 1, 13, 'wewe', '2009-12-31'),
(260, 1, 14, 'we', '2009-12-31'),
(261, 1, 17, 'wewewe', '2009-12-31'),
(262, 1, 21, 'wewe', '2009-12-31'),
(263, 1, 22, 'wewewe', '2009-12-31'),
(264, 1, 13, 'wewe', '2009-12-31'),
(265, 1, 14, 'we', '2009-12-31'),
(266, 1, 17, 'wewewe', '2009-12-31'),
(267, 1, 21, 'wewe', '2009-12-31'),
(268, 1, 22, 'wewewe', '2009-12-31'),
(269, 1, 13, 'wewe', '2009-12-31'),
(270, 1, 14, 'we', '2009-12-31'),
(271, 1, 17, 'wewewe', '2009-12-31'),
(272, 1, 21, 'wewe', '2009-12-31'),
(273, 1, 22, 'wewewe', '2009-12-31'),
(274, 1, 13, 'wewe', '2009-12-31'),
(275, 1, 14, 'we', '2009-12-31'),
(276, 1, 17, 'wewewe', '2009-12-31'),
(277, 1, 21, 'wewe', '2009-12-31'),
(278, 1, 22, 'wewewe', '2009-12-31'),
(279, 1, 13, 'wewe', '2009-12-31'),
(280, 1, 14, 'we', '2009-12-31'),
(281, 1, 17, 'wewewe', '2009-12-31'),
(282, 1, 21, 'wewe', '2009-12-31'),
(283, 1, 22, 'wewewe', '2009-12-31'),
(284, 1, 13, 'wewe', '2009-12-31'),
(285, 1, 14, 'we', '2009-12-31'),
(286, 1, 17, 'wewewe', '2009-12-31'),
(287, 1, 21, 'wewe', '2009-12-31'),
(288, 1, 22, 'wewewe', '2009-12-31'),
(289, 1, 13, 'wewe', '2009-12-31'),
(290, 1, 14, 'we', '2009-12-31'),
(291, 1, 17, 'wewewe', '2009-12-31'),
(292, 1, 21, 'wewe', '2009-12-31'),
(293, 1, 22, 'wewewe', '2009-12-31'),
(294, 1, 13, 'wewe', '2009-12-31'),
(295, 1, 14, 'we', '2009-12-31'),
(296, 1, 17, 'wewewe', '2009-12-31'),
(297, 1, 21, 'wewe', '2009-12-31'),
(298, 1, 22, 'wewewe', '2009-12-31'),
(299, 1, 13, 'wewe', '2009-12-31'),
(300, 1, 14, 'we', '2009-12-31'),
(301, 1, 17, 'wewewe', '2009-12-31'),
(302, 1, 21, 'wewe', '2009-12-31'),
(303, 1, 22, 'wewewe', '2009-12-31'),
(304, 1, 13, 'wewe', '2009-12-31'),
(305, 1, 14, 'we', '2009-12-31'),
(306, 1, 17, 'wewewe', '2009-12-31'),
(307, 1, 21, 'wewe', '2009-12-31'),
(308, 1, 22, 'wewewe', '2009-12-31'),
(309, 1, 13, 'wewe', '2009-12-31'),
(310, 1, 14, 'we', '2009-12-31'),
(311, 1, 17, 'wewewe', '2009-12-31'),
(312, 1, 21, 'wewe', '2009-12-31'),
(313, 1, 22, 'wewewe', '2009-12-31'),
(314, 1, 13, 'wewe', '2009-12-31'),
(315, 1, 14, 'we', '2009-12-31'),
(316, 1, 17, 'wewewe', '2009-12-31'),
(317, 1, 21, 'wewe', '2009-12-31'),
(318, 1, 22, 'wewewe', '2009-12-31'),
(319, 1, 13, 'wewe', '2009-12-31'),
(320, 1, 14, 'we', '2009-12-31'),
(321, 1, 17, 'wewewe', '2009-12-31'),
(322, 1, 21, 'wewe', '2009-12-31'),
(323, 1, 22, 'wewewe', '2009-12-31'),
(324, 1, 13, 'wewe', '2009-12-31'),
(325, 1, 14, 'we', '2009-12-31'),
(326, 1, 17, 'wewewe', '2009-12-31'),
(327, 1, 21, 'wewe', '2009-12-31'),
(328, 1, 22, 'wewewe', '2009-12-31'),
(329, 1, 13, 'wewe', '2009-12-31'),
(330, 1, 14, 'we', '2009-12-31'),
(331, 1, 17, 'wewewe', '2009-12-31'),
(332, 1, 21, 'wewe', '2009-12-31'),
(333, 1, 22, 'wewewe', '2009-12-31'),
(334, 1, 13, 'wewe', '2009-12-31'),
(335, 1, 14, 'we', '2009-12-31'),
(336, 1, 17, 'wewewe', '2009-12-31'),
(337, 1, 21, 'wewe', '2009-12-31'),
(338, 1, 22, 'wewewe', '2009-12-31'),
(339, 1, 13, 'wewe', '2009-12-31'),
(340, 1, 14, 'we', '2009-12-31'),
(341, 1, 17, 'wewewe', '2009-12-31'),
(342, 1, 21, 'wewe', '2009-12-31'),
(343, 1, 22, 'wewewe', '2009-12-31'),
(344, 1, 13, 'wewe', '2009-12-31'),
(345, 1, 14, 'we', '2009-12-31'),
(346, 1, 17, 'wewewe', '2009-12-31'),
(347, 1, 21, 'wewe', '2009-12-31'),
(348, 1, 22, 'wewewe', '2009-12-31'),
(349, 1, 13, 'wewe', '2009-12-31'),
(350, 1, 14, 'we', '2009-12-31'),
(351, 1, 17, 'wewewe', '2009-12-31'),
(352, 1, 21, 'wewe', '2009-12-31'),
(353, 1, 22, 'wewewe', '2009-12-31'),
(354, 1, 13, 'wewe', '2009-12-31'),
(355, 1, 14, 'we', '2009-12-31'),
(356, 1, 17, 'wewewe', '2009-12-31'),
(357, 1, 21, 'wewe', '2009-12-31'),
(358, 1, 22, 'wewewe', '2009-12-31'),
(359, 1, 13, 'wewe', '2009-12-31'),
(360, 1, 14, 'we', '2009-12-31'),
(361, 1, 17, 'wewewe', '2009-12-31'),
(362, 1, 21, 'wewe', '2009-12-31'),
(363, 1, 22, 'wewewe', '2009-12-31'),
(364, 1, 13, 'wewe', '2009-12-31'),
(365, 1, 14, 'we', '2009-12-31'),
(366, 1, 17, 'wewewe', '2009-12-31'),
(367, 1, 21, 'wewe', '2009-12-31'),
(368, 1, 22, 'wewewe', '2009-12-31'),
(369, 1, 13, 'wewe', '2009-12-31'),
(370, 1, 14, 'we', '2009-12-31'),
(371, 1, 17, 'wewewe', '2009-12-31'),
(372, 1, 21, 'wewe', '2009-12-31'),
(373, 1, 22, 'wewewe', '2009-12-31'),
(374, 1, 13, 'wewe', '2009-12-31'),
(375, 1, 14, 'we', '2009-12-31'),
(376, 1, 17, 'wewewe', '2009-12-31'),
(377, 1, 21, 'wewe', '2009-12-31'),
(378, 1, 22, 'wewewe', '2009-12-31'),
(379, 1, 13, 'wewe', '2009-12-31'),
(380, 1, 14, 'we', '2009-12-31'),
(381, 1, 17, 'wewewe', '2009-12-31'),
(382, 1, 21, 'wewe', '2009-12-31'),
(383, 1, 22, 'wewewe', '2009-12-31'),
(384, 3, 1, 'Maximina Perez Perez', '2009-12-31'),
(385, 3, 10, 'Perez Perez Maximina', '2009-12-31'),
(386, 3, 13, 'Rutilo Romero Andrade', '2009-12-31'),
(387, 3, 15, 'Rutilo Romero', '2009-12-31'),
(388, 3, 1, 'Maximina Perez Perez', '2009-12-31'),
(389, 3, 10, 'Perez Perez Maximina', '2009-12-31'),
(390, 3, 13, 'Rutilo Romero Andrade', '2009-12-31'),
(391, 3, 15, 'Rutilo Romero', '2009-12-31'),
(392, 3, 36, 'hola', '2009-12-31'),
(393, 3, 36, 'hola', '2009-12-31'),
(394, 3, 36, 'hola', '2009-12-31'),
(395, 3, 5, 'asdafafsdf', '2009-12-31'),
(396, 3, 5, 'asdafafsdf', '2009-12-31'),
(397, 3, 5, 'asdafafsdf', '2009-12-31'),
(398, 3, 5, 'asdafafsdf', '2009-12-31'),
(399, 3, 5, 'asdafafsdf', '2009-12-31'),
(400, 3, 2, 'ramms', '2009-12-31'),
(401, 3, 3, 'xoko', '2009-12-31'),
(402, 3, 4, 'beny', '2009-12-31'),
(403, 3, 6, 'farid', '2009-12-31'),
(404, 3, 7, 'xotla', '2009-12-31'),
(405, 3, 2, 'ramms', '2009-12-31'),
(406, 3, 3, 'xoko', '2009-12-31'),
(407, 3, 4, 'beny', '2009-12-31'),
(408, 3, 6, 'farid', '2009-12-31'),
(409, 3, 7, 'xotla', '2009-12-31'),
(410, 3, 2, 'ramms', '2009-12-31'),
(411, 3, 3, 'xoko', '2009-12-31'),
(412, 3, 4, 'beny', '2009-12-31'),
(413, 3, 6, 'farid', '2009-12-31'),
(414, 3, 7, 'xotla', '2009-12-31'),
(415, 3, 2, 'ramms', '2009-12-31'),
(416, 3, 3, 'xoko', '2009-12-31'),
(417, 3, 4, 'beny', '2009-12-31'),
(418, 3, 6, 'farid', '2009-12-31'),
(419, 3, 7, 'xotla', '2009-12-31'),
(420, 3, 2, 'ramms', '2009-12-31'),
(421, 3, 3, 'xoko', '2009-12-31'),
(422, 3, 4, 'beny', '2009-12-31'),
(423, 3, 6, 'farid', '2009-12-31'),
(424, 3, 7, 'xotla', '2009-12-31'),
(425, 3, 2, 'ramms', '2009-12-31'),
(426, 3, 3, 'xoko', '2009-12-31'),
(427, 3, 4, 'beny', '2009-12-31'),
(428, 3, 6, 'farid', '2009-12-31'),
(429, 3, 7, 'xotla', '2009-12-31'),
(430, 3, 2, 'ramms', '2009-12-31'),
(431, 3, 3, 'xoko', '2009-12-31'),
(432, 3, 4, 'beny', '2009-12-31'),
(433, 3, 6, 'farid', '2009-12-31'),
(434, 3, 7, 'xotla', '2009-12-31'),
(435, 3, 2, 'ramms', '2009-12-31'),
(436, 3, 3, 'xoko', '2009-12-31'),
(437, 3, 4, 'beny', '2009-12-31'),
(438, 3, 6, 'farid', '2009-12-31'),
(439, 3, 7, 'xotla', '2009-12-31'),
(440, 3, 2, 'ramms', '2009-12-31'),
(441, 3, 3, 'xoko', '2009-12-31'),
(442, 3, 4, 'beny', '2009-12-31'),
(443, 3, 6, 'farid', '2009-12-31'),
(444, 3, 7, 'xotla', '2009-12-31'),
(445, 3, 5, 'asdafafsdf', '2009-12-31');

-- --------------------------------------------------------

--
-- Estructura de tabla para la tabla `chofer`
--

CREATE TABLE IF NOT EXISTS `chofer` (
  `id_chofer` int(11) NOT NULL DEFAULT '0',
  `nombre` varchar(65) DEFAULT NULL,
  `sexo` char(1) DEFAULT NULL,
  `edad` tinyint(4) DEFAULT NULL,
  `num_celular` varchar(20) DEFAULT NULL,
  PRIMARY KEY (`id_chofer`)
) ENGINE=MyISAM DEFAULT CHARSET=latin1;

--
-- Volcar la base de datos para la tabla `chofer`
--

INSERT INTO `chofer` (`id_chofer`, `nombre`, `sexo`, `edad`, `num_celular`) VALUES
(0, 'PONCE GONZALEZ ERIKA JAZMIN', 'F', 19, '2271000000'),
(1, 'DIAZ MELENDEZ YULIANA', 'F', 25, '2221056489'),
(2, 'HERNANDEZ GONZALEZ EDGAR', 'M', 65, '2254896788'),
(3, 'GOLPE PAXTIAN JOSE MANUEL', 'M', 45, '2654112458'),
(4, 'SANDOVAL GALLEGOS SULEMA', 'M', 24, NULL),
(5, 'PAREDES GUTIERREZ MAYRA DENISSE', 'F', 22, NULL),
(6, 'VILLEGAS GARCIA RUTH EUNICE', 'F', 26, NULL),
(7, 'AMARAL JAUREGUI JESUS ALONSO', 'M', 23, NULL),
(8, 'LOPEZ ARREOLA SORAYA IMET', 'F', 56, NULL),
(9, 'BELTRAN ESCARCEGA JESUS MANUEL', 'M', 26, NULL),
(10, 'PEREZ MORENO ISAAC', 'M', 45, NULL),
(11, 'MERIDA GARCIA HENRI JOSUE', 'M', 26, NULL);

-- --------------------------------------------------------

--
-- Estructura de tabla para la tabla `corridas`
--

CREATE TABLE IF NOT EXISTS `corridas` (
  `ciudad` varchar(45) NOT NULL,
  `hora_salida` time NOT NULL,
  `fecha` date NOT NULL,
  PRIMARY KEY (`ciudad`,`hora_salida`,`fecha`)
) ENGINE=MyISAM DEFAULT CHARSET=latin1;

--
-- Volcar la base de datos para la tabla `corridas`
--

INSERT INTO `corridas` (`ciudad`, `hora_salida`, `fecha`) VALUES
('MARTINEZ DE LA TORRE', '07:00:00', '2009-12-28'),
('MARTINEZ DE LA TORRE', '07:00:00', '2009-12-29'),
('MARTINEZ DE LA TORRE', '07:00:00', '2009-12-30'),
('MARTINEZ DE LA TORRE', '07:00:00', '2009-12-31'),
('MARTINEZ DE LA TORRE', '07:00:00', '2010-01-01'),
('MARTINEZ DE LA TORRE', '07:00:00', '2010-01-02'),
('MARTINEZ DE LA TORRE', '07:00:00', '2010-01-03'),
('MARTINEZ DE LA TORRE', '07:00:00', '2010-01-04'),
('MARTINEZ DE LA TORRE', '07:00:00', '2010-01-05'),
('MARTINEZ DE LA TORRE', '07:00:00', '2010-01-06'),
('MARTINEZ DE LA TORRE', '07:00:00', '2010-01-07'),
('MARTINEZ DE LA TORRE', '07:00:00', '2010-01-08'),
('MARTINEZ DE LA TORRE', '07:00:00', '2010-01-09'),
('MARTINEZ DE LA TORRE', '07:00:00', '2010-01-10'),
('MARTINEZ DE LA TORRE', '07:00:00', '2010-01-11'),
('MARTINEZ DE LA TORRE', '07:00:00', '2010-01-12'),
('MARTINEZ DE LA TORRE', '07:00:00', '2010-01-13'),
('MARTINEZ DE LA TORRE', '07:00:00', '2010-01-14'),
('MARTINEZ DE LA TORRE', '07:00:00', '2010-01-15'),
('MARTINEZ DE LA TORRE', '07:30:00', '2009-12-28'),
('MARTINEZ DE LA TORRE', '07:30:00', '2009-12-29'),
('MARTINEZ DE LA TORRE', '07:30:00', '2009-12-30'),
('MARTINEZ DE LA TORRE', '07:30:00', '2009-12-31'),
('MARTINEZ DE LA TORRE', '07:30:00', '2010-01-01'),
('MARTINEZ DE LA TORRE', '07:30:00', '2010-01-02'),
('MARTINEZ DE LA TORRE', '07:30:00', '2010-01-03'),
('MARTINEZ DE LA TORRE', '07:30:00', '2010-01-04'),
('MARTINEZ DE LA TORRE', '07:30:00', '2010-01-05'),
('MARTINEZ DE LA TORRE', '07:30:00', '2010-01-06'),
('MARTINEZ DE LA TORRE', '07:30:00', '2010-01-07'),
('MARTINEZ DE LA TORRE', '07:30:00', '2010-01-08'),
('MARTINEZ DE LA TORRE', '07:30:00', '2010-01-09'),
('MARTINEZ DE LA TORRE', '07:30:00', '2010-01-10'),
('MARTINEZ DE LA TORRE', '07:30:00', '2010-01-11'),
('MARTINEZ DE LA TORRE', '07:30:00', '2010-01-12'),
('MARTINEZ DE LA TORRE', '07:30:00', '2010-01-13'),
('MARTINEZ DE LA TORRE', '07:30:00', '2010-01-14'),
('MARTINEZ DE LA TORRE', '07:30:00', '2010-01-15'),
('MARTINEZ DE LA TORRE', '08:00:00', '2009-12-28'),
('MARTINEZ DE LA TORRE', '08:00:00', '2009-12-29'),
('MARTINEZ DE LA TORRE', '08:00:00', '2009-12-30'),
('MARTINEZ DE LA TORRE', '08:00:00', '2009-12-31'),
('MARTINEZ DE LA TORRE', '08:00:00', '2010-01-01'),
('MARTINEZ DE LA TORRE', '08:00:00', '2010-01-02'),
('MARTINEZ DE LA TORRE', '08:00:00', '2010-01-03'),
('MARTINEZ DE LA TORRE', '08:00:00', '2010-01-04'),
('MARTINEZ DE LA TORRE', '08:00:00', '2010-01-05'),
('MARTINEZ DE LA TORRE', '08:00:00', '2010-01-06'),
('MARTINEZ DE LA TORRE', '08:00:00', '2010-01-07'),
('MARTINEZ DE LA TORRE', '08:00:00', '2010-01-08'),
('MARTINEZ DE LA TORRE', '08:00:00', '2010-01-09'),
('MARTINEZ DE LA TORRE', '08:00:00', '2010-01-10'),
('MARTINEZ DE LA TORRE', '08:00:00', '2010-01-11'),
('MARTINEZ DE LA TORRE', '08:00:00', '2010-01-12'),
('MARTINEZ DE LA TORRE', '08:00:00', '2010-01-13'),
('MARTINEZ DE LA TORRE', '08:00:00', '2010-01-14'),
('MARTINEZ DE LA TORRE', '08:00:00', '2010-01-15'),
('MARTINEZ DE LA TORRE', '08:30:00', '2009-12-28'),
('MARTINEZ DE LA TORRE', '08:30:00', '2009-12-29'),
('MARTINEZ DE LA TORRE', '08:30:00', '2009-12-30'),
('MARTINEZ DE LA TORRE', '08:30:00', '2009-12-31'),
('MARTINEZ DE LA TORRE', '08:30:00', '2010-01-01'),
('MARTINEZ DE LA TORRE', '08:30:00', '2010-01-02'),
('MARTINEZ DE LA TORRE', '08:30:00', '2010-01-03'),
('MARTINEZ DE LA TORRE', '08:30:00', '2010-01-04'),
('MARTINEZ DE LA TORRE', '08:30:00', '2010-01-05'),
('MARTINEZ DE LA TORRE', '08:30:00', '2010-01-06'),
('MARTINEZ DE LA TORRE', '08:30:00', '2010-01-07'),
('MARTINEZ DE LA TORRE', '08:30:00', '2010-01-08'),
('MARTINEZ DE LA TORRE', '08:30:00', '2010-01-09'),
('MARTINEZ DE LA TORRE', '08:30:00', '2010-01-10'),
('MARTINEZ DE LA TORRE', '08:30:00', '2010-01-11'),
('MARTINEZ DE LA TORRE', '08:30:00', '2010-01-12'),
('MARTINEZ DE LA TORRE', '08:30:00', '2010-01-13'),
('MARTINEZ DE LA TORRE', '08:30:00', '2010-01-14'),
('MARTINEZ DE LA TORRE', '08:30:00', '2010-01-15'),
('MARTINEZ DE LA TORRE', '09:00:00', '2009-12-28'),
('MARTINEZ DE LA TORRE', '09:00:00', '2009-12-29'),
('MARTINEZ DE LA TORRE', '09:00:00', '2009-12-30'),
('MARTINEZ DE LA TORRE', '09:00:00', '2009-12-31'),
('MARTINEZ DE LA TORRE', '09:00:00', '2010-01-01'),
('MARTINEZ DE LA TORRE', '09:00:00', '2010-01-02'),
('MARTINEZ DE LA TORRE', '09:00:00', '2010-01-03'),
('MARTINEZ DE LA TORRE', '09:00:00', '2010-01-04'),
('MARTINEZ DE LA TORRE', '09:00:00', '2010-01-05'),
('MARTINEZ DE LA TORRE', '09:00:00', '2010-01-06'),
('MARTINEZ DE LA TORRE', '09:00:00', '2010-01-07'),
('MARTINEZ DE LA TORRE', '09:00:00', '2010-01-08'),
('MARTINEZ DE LA TORRE', '09:00:00', '2010-01-09'),
('MARTINEZ DE LA TORRE', '09:00:00', '2010-01-10'),
('MARTINEZ DE LA TORRE', '09:00:00', '2010-01-11'),
('MARTINEZ DE LA TORRE', '09:00:00', '2010-01-12'),
('MARTINEZ DE LA TORRE', '09:00:00', '2010-01-13'),
('MARTINEZ DE LA TORRE', '09:00:00', '2010-01-14'),
('MARTINEZ DE LA TORRE', '09:00:00', '2010-01-15'),
('MARTINEZ DE LA TORRE', '09:30:00', '2009-12-28'),
('MARTINEZ DE LA TORRE', '09:30:00', '2009-12-29'),
('MARTINEZ DE LA TORRE', '09:30:00', '2009-12-30'),
('MARTINEZ DE LA TORRE', '09:30:00', '2009-12-31'),
('MARTINEZ DE LA TORRE', '09:30:00', '2010-01-01'),
('MARTINEZ DE LA TORRE', '09:30:00', '2010-01-02'),
('MARTINEZ DE LA TORRE', '09:30:00', '2010-01-03'),
('MARTINEZ DE LA TORRE', '09:30:00', '2010-01-04'),
('MARTINEZ DE LA TORRE', '09:30:00', '2010-01-05'),
('MARTINEZ DE LA TORRE', '09:30:00', '2010-01-06'),
('MARTINEZ DE LA TORRE', '09:30:00', '2010-01-07'),
('MARTINEZ DE LA TORRE', '09:30:00', '2010-01-08'),
('MARTINEZ DE LA TORRE', '09:30:00', '2010-01-09'),
('MARTINEZ DE LA TORRE', '09:30:00', '2010-01-10'),
('MARTINEZ DE LA TORRE', '09:30:00', '2010-01-11'),
('MARTINEZ DE LA TORRE', '09:30:00', '2010-01-12'),
('MARTINEZ DE LA TORRE', '09:30:00', '2010-01-13'),
('MARTINEZ DE LA TORRE', '09:30:00', '2010-01-14'),
('MARTINEZ DE LA TORRE', '09:30:00', '2010-01-15'),
('MARTINEZ DE LA TORRE', '10:00:00', '2009-12-28'),
('MARTINEZ DE LA TORRE', '10:00:00', '2009-12-29'),
('MARTINEZ DE LA TORRE', '10:00:00', '2009-12-30'),
('MARTINEZ DE LA TORRE', '10:00:00', '2009-12-31'),
('MARTINEZ DE LA TORRE', '10:00:00', '2010-01-01'),
('MARTINEZ DE LA TORRE', '10:00:00', '2010-01-02'),
('MARTINEZ DE LA TORRE', '10:00:00', '2010-01-03'),
('MARTINEZ DE LA TORRE', '10:00:00', '2010-01-04'),
('MARTINEZ DE LA TORRE', '10:00:00', '2010-01-05'),
('MARTINEZ DE LA TORRE', '10:00:00', '2010-01-06'),
('MARTINEZ DE LA TORRE', '10:00:00', '2010-01-07'),
('MARTINEZ DE LA TORRE', '10:00:00', '2010-01-08'),
('MARTINEZ DE LA TORRE', '10:00:00', '2010-01-09'),
('MARTINEZ DE LA TORRE', '10:00:00', '2010-01-10'),
('MARTINEZ DE LA TORRE', '10:00:00', '2010-01-11'),
('MARTINEZ DE LA TORRE', '10:00:00', '2010-01-12'),
('MARTINEZ DE LA TORRE', '10:00:00', '2010-01-13'),
('MARTINEZ DE LA TORRE', '10:00:00', '2010-01-14'),
('MARTINEZ DE LA TORRE', '10:00:00', '2010-01-15'),
('MARTINEZ DE LA TORRE', '10:30:00', '2009-12-28'),
('MARTINEZ DE LA TORRE', '10:30:00', '2009-12-29'),
('MARTINEZ DE LA TORRE', '10:30:00', '2009-12-30'),
('MARTINEZ DE LA TORRE', '10:30:00', '2009-12-31'),
('MARTINEZ DE LA TORRE', '10:30:00', '2010-01-01'),
('MARTINEZ DE LA TORRE', '10:30:00', '2010-01-02'),
('MARTINEZ DE LA TORRE', '10:30:00', '2010-01-03'),
('MARTINEZ DE LA TORRE', '10:30:00', '2010-01-04'),
('MARTINEZ DE LA TORRE', '10:30:00', '2010-01-05'),
('MARTINEZ DE LA TORRE', '10:30:00', '2010-01-06'),
('MARTINEZ DE LA TORRE', '10:30:00', '2010-01-07'),
('MARTINEZ DE LA TORRE', '10:30:00', '2010-01-08'),
('MARTINEZ DE LA TORRE', '10:30:00', '2010-01-09'),
('MARTINEZ DE LA TORRE', '10:30:00', '2010-01-10'),
('MARTINEZ DE LA TORRE', '10:30:00', '2010-01-11'),
('MARTINEZ DE LA TORRE', '10:30:00', '2010-01-12'),
('MARTINEZ DE LA TORRE', '10:30:00', '2010-01-13'),
('MARTINEZ DE LA TORRE', '10:30:00', '2010-01-14'),
('MARTINEZ DE LA TORRE', '10:30:00', '2010-01-15'),
('MARTINEZ DE LA TORRE', '11:00:00', '2009-12-28'),
('MARTINEZ DE LA TORRE', '11:00:00', '2009-12-29'),
('MARTINEZ DE LA TORRE', '11:00:00', '2009-12-30'),
('MARTINEZ DE LA TORRE', '11:00:00', '2009-12-31'),
('MARTINEZ DE LA TORRE', '11:00:00', '2010-01-01'),
('MARTINEZ DE LA TORRE', '11:00:00', '2010-01-02'),
('MARTINEZ DE LA TORRE', '11:00:00', '2010-01-03'),
('MARTINEZ DE LA TORRE', '11:00:00', '2010-01-04'),
('MARTINEZ DE LA TORRE', '11:00:00', '2010-01-05'),
('MARTINEZ DE LA TORRE', '11:00:00', '2010-01-06'),
('MARTINEZ DE LA TORRE', '11:00:00', '2010-01-07'),
('MARTINEZ DE LA TORRE', '11:00:00', '2010-01-08'),
('MARTINEZ DE LA TORRE', '11:00:00', '2010-01-09'),
('MARTINEZ DE LA TORRE', '11:00:00', '2010-01-10'),
('MARTINEZ DE LA TORRE', '11:00:00', '2010-01-11'),
('MARTINEZ DE LA TORRE', '11:00:00', '2010-01-12'),
('MARTINEZ DE LA TORRE', '11:00:00', '2010-01-13'),
('MARTINEZ DE LA TORRE', '11:00:00', '2010-01-14'),
('MARTINEZ DE LA TORRE', '11:00:00', '2010-01-15'),
('MARTINEZ DE LA TORRE', '11:30:00', '2009-12-28'),
('MARTINEZ DE LA TORRE', '11:30:00', '2009-12-29'),
('MARTINEZ DE LA TORRE', '11:30:00', '2009-12-30'),
('MARTINEZ DE LA TORRE', '11:30:00', '2009-12-31'),
('MARTINEZ DE LA TORRE', '11:30:00', '2010-01-01'),
('MARTINEZ DE LA TORRE', '11:30:00', '2010-01-02'),
('MARTINEZ DE LA TORRE', '11:30:00', '2010-01-03'),
('MARTINEZ DE LA TORRE', '11:30:00', '2010-01-04'),
('MARTINEZ DE LA TORRE', '11:30:00', '2010-01-05'),
('MARTINEZ DE LA TORRE', '11:30:00', '2010-01-06'),
('MARTINEZ DE LA TORRE', '11:30:00', '2010-01-07'),
('MARTINEZ DE LA TORRE', '11:30:00', '2010-01-08'),
('MARTINEZ DE LA TORRE', '11:30:00', '2010-01-09'),
('MARTINEZ DE LA TORRE', '11:30:00', '2010-01-10'),
('MARTINEZ DE LA TORRE', '11:30:00', '2010-01-11'),
('MARTINEZ DE LA TORRE', '11:30:00', '2010-01-12'),
('MARTINEZ DE LA TORRE', '11:30:00', '2010-01-13'),
('MARTINEZ DE LA TORRE', '11:30:00', '2010-01-14'),
('MARTINEZ DE LA TORRE', '11:30:00', '2010-01-15'),
('MARTINEZ DE LA TORRE', '12:00:00', '2009-12-28'),
('MARTINEZ DE LA TORRE', '12:00:00', '2009-12-29'),
('MARTINEZ DE LA TORRE', '12:00:00', '2009-12-30'),
('MARTINEZ DE LA TORRE', '12:00:00', '2009-12-31'),
('MARTINEZ DE LA TORRE', '12:00:00', '2010-01-01'),
('MARTINEZ DE LA TORRE', '12:00:00', '2010-01-02'),
('MARTINEZ DE LA TORRE', '12:00:00', '2010-01-03'),
('MARTINEZ DE LA TORRE', '12:00:00', '2010-01-04'),
('MARTINEZ DE LA TORRE', '12:00:00', '2010-01-05'),
('MARTINEZ DE LA TORRE', '12:00:00', '2010-01-06'),
('MARTINEZ DE LA TORRE', '12:00:00', '2010-01-07'),
('MARTINEZ DE LA TORRE', '12:00:00', '2010-01-08'),
('MARTINEZ DE LA TORRE', '12:00:00', '2010-01-09'),
('MARTINEZ DE LA TORRE', '12:00:00', '2010-01-10'),
('MARTINEZ DE LA TORRE', '12:00:00', '2010-01-11'),
('MARTINEZ DE LA TORRE', '12:00:00', '2010-01-12'),
('MARTINEZ DE LA TORRE', '12:00:00', '2010-01-13'),
('MARTINEZ DE LA TORRE', '12:00:00', '2010-01-14'),
('MARTINEZ DE LA TORRE', '12:00:00', '2010-01-15'),
('MARTINEZ DE LA TORRE', '12:30:00', '2009-12-28'),
('MARTINEZ DE LA TORRE', '12:30:00', '2009-12-29'),
('MARTINEZ DE LA TORRE', '12:30:00', '2009-12-30'),
('MARTINEZ DE LA TORRE', '12:30:00', '2009-12-31'),
('MARTINEZ DE LA TORRE', '12:30:00', '2010-01-01'),
('MARTINEZ DE LA TORRE', '12:30:00', '2010-01-02'),
('MARTINEZ DE LA TORRE', '12:30:00', '2010-01-03'),
('MARTINEZ DE LA TORRE', '12:30:00', '2010-01-04'),
('MARTINEZ DE LA TORRE', '12:30:00', '2010-01-05'),
('MARTINEZ DE LA TORRE', '12:30:00', '2010-01-06'),
('MARTINEZ DE LA TORRE', '12:30:00', '2010-01-07'),
('MARTINEZ DE LA TORRE', '12:30:00', '2010-01-08'),
('MARTINEZ DE LA TORRE', '12:30:00', '2010-01-09'),
('MARTINEZ DE LA TORRE', '12:30:00', '2010-01-10'),
('MARTINEZ DE LA TORRE', '12:30:00', '2010-01-11'),
('MARTINEZ DE LA TORRE', '12:30:00', '2010-01-12'),
('MARTINEZ DE LA TORRE', '12:30:00', '2010-01-13'),
('MARTINEZ DE LA TORRE', '12:30:00', '2010-01-14'),
('MARTINEZ DE LA TORRE', '12:30:00', '2010-01-15'),
('MARTINEZ DE LA TORRE', '13:00:00', '2009-12-28'),
('MARTINEZ DE LA TORRE', '13:00:00', '2009-12-29'),
('MARTINEZ DE LA TORRE', '13:00:00', '2009-12-30'),
('MARTINEZ DE LA TORRE', '13:00:00', '2009-12-31'),
('MARTINEZ DE LA TORRE', '13:00:00', '2010-01-01'),
('MARTINEZ DE LA TORRE', '13:00:00', '2010-01-02'),
('MARTINEZ DE LA TORRE', '13:00:00', '2010-01-03'),
('MARTINEZ DE LA TORRE', '13:00:00', '2010-01-04'),
('MARTINEZ DE LA TORRE', '13:00:00', '2010-01-05'),
('MARTINEZ DE LA TORRE', '13:00:00', '2010-01-06'),
('MARTINEZ DE LA TORRE', '13:00:00', '2010-01-07'),
('MARTINEZ DE LA TORRE', '13:00:00', '2010-01-08'),
('MARTINEZ DE LA TORRE', '13:00:00', '2010-01-09'),
('MARTINEZ DE LA TORRE', '13:00:00', '2010-01-10'),
('MARTINEZ DE LA TORRE', '13:00:00', '2010-01-11'),
('MARTINEZ DE LA TORRE', '13:00:00', '2010-01-12'),
('MARTINEZ DE LA TORRE', '13:00:00', '2010-01-13'),
('MARTINEZ DE LA TORRE', '13:00:00', '2010-01-14'),
('MARTINEZ DE LA TORRE', '13:00:00', '2010-01-15'),
('MARTINEZ DE LA TORRE', '13:30:00', '2009-12-28'),
('MARTINEZ DE LA TORRE', '13:30:00', '2009-12-29'),
('MARTINEZ DE LA TORRE', '13:30:00', '2009-12-30'),
('MARTINEZ DE LA TORRE', '13:30:00', '2009-12-31'),
('MARTINEZ DE LA TORRE', '13:30:00', '2010-01-01'),
('MARTINEZ DE LA TORRE', '13:30:00', '2010-01-02'),
('MARTINEZ DE LA TORRE', '13:30:00', '2010-01-03'),
('MARTINEZ DE LA TORRE', '13:30:00', '2010-01-04'),
('MARTINEZ DE LA TORRE', '13:30:00', '2010-01-05'),
('MARTINEZ DE LA TORRE', '13:30:00', '2010-01-06'),
('MARTINEZ DE LA TORRE', '13:30:00', '2010-01-07'),
('MARTINEZ DE LA TORRE', '13:30:00', '2010-01-08'),
('MARTINEZ DE LA TORRE', '13:30:00', '2010-01-09'),
('MARTINEZ DE LA TORRE', '13:30:00', '2010-01-10'),
('MARTINEZ DE LA TORRE', '13:30:00', '2010-01-11'),
('MARTINEZ DE LA TORRE', '13:30:00', '2010-01-12'),
('MARTINEZ DE LA TORRE', '13:30:00', '2010-01-13'),
('MARTINEZ DE LA TORRE', '13:30:00', '2010-01-14'),
('MARTINEZ DE LA TORRE', '13:30:00', '2010-01-15'),
('MARTINEZ DE LA TORRE', '14:00:00', '2009-12-28'),
('MARTINEZ DE LA TORRE', '14:00:00', '2009-12-29'),
('MARTINEZ DE LA TORRE', '14:00:00', '2009-12-30'),
('MARTINEZ DE LA TORRE', '14:00:00', '2009-12-31'),
('MARTINEZ DE LA TORRE', '14:00:00', '2010-01-01'),
('MARTINEZ DE LA TORRE', '14:00:00', '2010-01-02'),
('MARTINEZ DE LA TORRE', '14:00:00', '2010-01-03'),
('MARTINEZ DE LA TORRE', '14:00:00', '2010-01-04'),
('MARTINEZ DE LA TORRE', '14:00:00', '2010-01-05'),
('MARTINEZ DE LA TORRE', '14:00:00', '2010-01-06'),
('MARTINEZ DE LA TORRE', '14:00:00', '2010-01-07'),
('MARTINEZ DE LA TORRE', '14:00:00', '2010-01-08'),
('MARTINEZ DE LA TORRE', '14:00:00', '2010-01-09'),
('MARTINEZ DE LA TORRE', '14:00:00', '2010-01-10'),
('MARTINEZ DE LA TORRE', '14:00:00', '2010-01-11'),
('MARTINEZ DE LA TORRE', '14:00:00', '2010-01-12'),
('MARTINEZ DE LA TORRE', '14:00:00', '2010-01-13'),
('MARTINEZ DE LA TORRE', '14:00:00', '2010-01-14'),
('MARTINEZ DE LA TORRE', '14:00:00', '2010-01-15'),
('MARTINEZ DE LA TORRE', '14:30:00', '2009-12-28'),
('MARTINEZ DE LA TORRE', '14:30:00', '2009-12-29'),
('MARTINEZ DE LA TORRE', '14:30:00', '2009-12-30'),
('MARTINEZ DE LA TORRE', '14:30:00', '2009-12-31'),
('MARTINEZ DE LA TORRE', '14:30:00', '2010-01-01'),
('MARTINEZ DE LA TORRE', '14:30:00', '2010-01-02'),
('MARTINEZ DE LA TORRE', '14:30:00', '2010-01-03'),
('MARTINEZ DE LA TORRE', '14:30:00', '2010-01-04'),
('MARTINEZ DE LA TORRE', '14:30:00', '2010-01-05'),
('MARTINEZ DE LA TORRE', '14:30:00', '2010-01-06'),
('MARTINEZ DE LA TORRE', '14:30:00', '2010-01-07'),
('MARTINEZ DE LA TORRE', '14:30:00', '2010-01-08'),
('MARTINEZ DE LA TORRE', '14:30:00', '2010-01-09'),
('MARTINEZ DE LA TORRE', '14:30:00', '2010-01-10'),
('MARTINEZ DE LA TORRE', '14:30:00', '2010-01-11'),
('MARTINEZ DE LA TORRE', '14:30:00', '2010-01-12'),
('MARTINEZ DE LA TORRE', '14:30:00', '2010-01-13'),
('MARTINEZ DE LA TORRE', '14:30:00', '2010-01-14'),
('MARTINEZ DE LA TORRE', '14:30:00', '2010-01-15'),
('MARTINEZ DE LA TORRE', '15:00:00', '2009-12-28'),
('MARTINEZ DE LA TORRE', '15:00:00', '2009-12-29'),
('MARTINEZ DE LA TORRE', '15:00:00', '2009-12-30'),
('MARTINEZ DE LA TORRE', '15:00:00', '2009-12-31'),
('MARTINEZ DE LA TORRE', '15:00:00', '2010-01-01'),
('MARTINEZ DE LA TORRE', '15:00:00', '2010-01-02'),
('MARTINEZ DE LA TORRE', '15:00:00', '2010-01-03'),
('MARTINEZ DE LA TORRE', '15:00:00', '2010-01-04'),
('MARTINEZ DE LA TORRE', '15:00:00', '2010-01-05'),
('MARTINEZ DE LA TORRE', '15:00:00', '2010-01-06'),
('MARTINEZ DE LA TORRE', '15:00:00', '2010-01-07'),
('MARTINEZ DE LA TORRE', '15:00:00', '2010-01-08'),
('MARTINEZ DE LA TORRE', '15:00:00', '2010-01-09'),
('MARTINEZ DE LA TORRE', '15:00:00', '2010-01-10'),
('MARTINEZ DE LA TORRE', '15:00:00', '2010-01-11'),
('MARTINEZ DE LA TORRE', '15:00:00', '2010-01-12'),
('MARTINEZ DE LA TORRE', '15:00:00', '2010-01-13'),
('MARTINEZ DE LA TORRE', '15:00:00', '2010-01-14'),
('MARTINEZ DE LA TORRE', '15:00:00', '2010-01-15'),
('MARTINEZ DE LA TORRE', '15:30:00', '2009-12-28'),
('MARTINEZ DE LA TORRE', '15:30:00', '2009-12-29'),
('MARTINEZ DE LA TORRE', '15:30:00', '2009-12-30'),
('MARTINEZ DE LA TORRE', '15:30:00', '2009-12-31'),
('MARTINEZ DE LA TORRE', '15:30:00', '2010-01-01'),
('MARTINEZ DE LA TORRE', '15:30:00', '2010-01-02'),
('MARTINEZ DE LA TORRE', '15:30:00', '2010-01-03'),
('MARTINEZ DE LA TORRE', '15:30:00', '2010-01-04'),
('MARTINEZ DE LA TORRE', '15:30:00', '2010-01-05'),
('MARTINEZ DE LA TORRE', '15:30:00', '2010-01-06'),
('MARTINEZ DE LA TORRE', '15:30:00', '2010-01-07'),
('MARTINEZ DE LA TORRE', '15:30:00', '2010-01-08'),
('MARTINEZ DE LA TORRE', '15:30:00', '2010-01-09'),
('MARTINEZ DE LA TORRE', '15:30:00', '2010-01-10'),
('MARTINEZ DE LA TORRE', '15:30:00', '2010-01-11'),
('MARTINEZ DE LA TORRE', '15:30:00', '2010-01-12'),
('MARTINEZ DE LA TORRE', '15:30:00', '2010-01-13'),
('MARTINEZ DE LA TORRE', '15:30:00', '2010-01-14'),
('MARTINEZ DE LA TORRE', '15:30:00', '2010-01-15'),
('MARTINEZ DE LA TORRE', '16:00:00', '2009-12-28'),
('MARTINEZ DE LA TORRE', '16:00:00', '2009-12-29'),
('MARTINEZ DE LA TORRE', '16:00:00', '2009-12-30'),
('MARTINEZ DE LA TORRE', '16:00:00', '2009-12-31'),
('MARTINEZ DE LA TORRE', '16:00:00', '2010-01-01'),
('MARTINEZ DE LA TORRE', '16:00:00', '2010-01-02'),
('MARTINEZ DE LA TORRE', '16:00:00', '2010-01-03'),
('MARTINEZ DE LA TORRE', '16:00:00', '2010-01-04'),
('MARTINEZ DE LA TORRE', '16:00:00', '2010-01-05'),
('MARTINEZ DE LA TORRE', '16:00:00', '2010-01-06'),
('MARTINEZ DE LA TORRE', '16:00:00', '2010-01-07'),
('MARTINEZ DE LA TORRE', '16:00:00', '2010-01-08'),
('MARTINEZ DE LA TORRE', '16:00:00', '2010-01-09'),
('MARTINEZ DE LA TORRE', '16:00:00', '2010-01-10'),
('MARTINEZ DE LA TORRE', '16:00:00', '2010-01-11'),
('MARTINEZ DE LA TORRE', '16:00:00', '2010-01-12'),
('MARTINEZ DE LA TORRE', '16:00:00', '2010-01-13'),
('MARTINEZ DE LA TORRE', '16:00:00', '2010-01-14'),
('MARTINEZ DE LA TORRE', '16:00:00', '2010-01-15'),
('MARTINEZ DE LA TORRE', '16:30:00', '2009-12-28'),
('MARTINEZ DE LA TORRE', '16:30:00', '2009-12-29'),
('MARTINEZ DE LA TORRE', '16:30:00', '2009-12-30'),
('MARTINEZ DE LA TORRE', '16:30:00', '2009-12-31'),
('MARTINEZ DE LA TORRE', '16:30:00', '2010-01-01'),
('MARTINEZ DE LA TORRE', '16:30:00', '2010-01-02'),
('MARTINEZ DE LA TORRE', '16:30:00', '2010-01-03'),
('MARTINEZ DE LA TORRE', '16:30:00', '2010-01-04'),
('MARTINEZ DE LA TORRE', '16:30:00', '2010-01-05'),
('MARTINEZ DE LA TORRE', '16:30:00', '2010-01-06'),
('MARTINEZ DE LA TORRE', '16:30:00', '2010-01-07'),
('MARTINEZ DE LA TORRE', '16:30:00', '2010-01-08'),
('MARTINEZ DE LA TORRE', '16:30:00', '2010-01-09'),
('MARTINEZ DE LA TORRE', '16:30:00', '2010-01-10'),
('MARTINEZ DE LA TORRE', '16:30:00', '2010-01-11'),
('MARTINEZ DE LA TORRE', '16:30:00', '2010-01-12'),
('MARTINEZ DE LA TORRE', '16:30:00', '2010-01-13'),
('MARTINEZ DE LA TORRE', '16:30:00', '2010-01-14'),
('MARTINEZ DE LA TORRE', '16:30:00', '2010-01-15'),
('MARTINEZ DE LA TORRE', '17:00:00', '2009-12-28'),
('MARTINEZ DE LA TORRE', '17:00:00', '2009-12-29'),
('MARTINEZ DE LA TORRE', '17:00:00', '2009-12-30'),
('MARTINEZ DE LA TORRE', '17:00:00', '2009-12-31'),
('MARTINEZ DE LA TORRE', '17:00:00', '2010-01-01'),
('MARTINEZ DE LA TORRE', '17:00:00', '2010-01-02'),
('MARTINEZ DE LA TORRE', '17:00:00', '2010-01-03'),
('MARTINEZ DE LA TORRE', '17:00:00', '2010-01-04'),
('MARTINEZ DE LA TORRE', '17:00:00', '2010-01-05'),
('MARTINEZ DE LA TORRE', '17:00:00', '2010-01-06'),
('MARTINEZ DE LA TORRE', '17:00:00', '2010-01-07'),
('MARTINEZ DE LA TORRE', '17:00:00', '2010-01-08'),
('MARTINEZ DE LA TORRE', '17:00:00', '2010-01-09'),
('MARTINEZ DE LA TORRE', '17:00:00', '2010-01-10'),
('MARTINEZ DE LA TORRE', '17:00:00', '2010-01-11'),
('MARTINEZ DE LA TORRE', '17:00:00', '2010-01-12'),
('MARTINEZ DE LA TORRE', '17:00:00', '2010-01-13'),
('MARTINEZ DE LA TORRE', '17:00:00', '2010-01-14'),
('MARTINEZ DE LA TORRE', '17:00:00', '2010-01-15'),
('MARTINEZ DE LA TORRE', '17:30:00', '2009-12-28'),
('MARTINEZ DE LA TORRE', '17:30:00', '2009-12-29'),
('MARTINEZ DE LA TORRE', '17:30:00', '2009-12-30'),
('MARTINEZ DE LA TORRE', '17:30:00', '2009-12-31'),
('MARTINEZ DE LA TORRE', '17:30:00', '2010-01-01'),
('MARTINEZ DE LA TORRE', '17:30:00', '2010-01-02'),
('MARTINEZ DE LA TORRE', '17:30:00', '2010-01-03'),
('MARTINEZ DE LA TORRE', '17:30:00', '2010-01-04'),
('MARTINEZ DE LA TORRE', '17:30:00', '2010-01-05'),
('MARTINEZ DE LA TORRE', '17:30:00', '2010-01-06'),
('MARTINEZ DE LA TORRE', '17:30:00', '2010-01-07'),
('MARTINEZ DE LA TORRE', '17:30:00', '2010-01-08'),
('MARTINEZ DE LA TORRE', '17:30:00', '2010-01-09'),
('MARTINEZ DE LA TORRE', '17:30:00', '2010-01-10'),
('MARTINEZ DE LA TORRE', '17:30:00', '2010-01-11'),
('MARTINEZ DE LA TORRE', '17:30:00', '2010-01-12'),
('MARTINEZ DE LA TORRE', '17:30:00', '2010-01-13'),
('MARTINEZ DE LA TORRE', '17:30:00', '2010-01-14'),
('MARTINEZ DE LA TORRE', '17:30:00', '2010-01-15'),
('MARTINEZ DE LA TORRE', '18:00:00', '2009-12-28'),
('MARTINEZ DE LA TORRE', '18:00:00', '2009-12-29'),
('MARTINEZ DE LA TORRE', '18:00:00', '2009-12-30'),
('MARTINEZ DE LA TORRE', '18:00:00', '2009-12-31'),
('MARTINEZ DE LA TORRE', '18:00:00', '2010-01-01'),
('MARTINEZ DE LA TORRE', '18:00:00', '2010-01-02'),
('MARTINEZ DE LA TORRE', '18:00:00', '2010-01-03'),
('MARTINEZ DE LA TORRE', '18:00:00', '2010-01-04'),
('MARTINEZ DE LA TORRE', '18:00:00', '2010-01-05'),
('MARTINEZ DE LA TORRE', '18:00:00', '2010-01-06'),
('MARTINEZ DE LA TORRE', '18:00:00', '2010-01-07'),
('MARTINEZ DE LA TORRE', '18:00:00', '2010-01-08'),
('MARTINEZ DE LA TORRE', '18:00:00', '2010-01-09'),
('MARTINEZ DE LA TORRE', '18:00:00', '2010-01-10'),
('MARTINEZ DE LA TORRE', '18:00:00', '2010-01-11'),
('MARTINEZ DE LA TORRE', '18:00:00', '2010-01-12'),
('MARTINEZ DE LA TORRE', '18:00:00', '2010-01-13'),
('MARTINEZ DE LA TORRE', '18:00:00', '2010-01-14'),
('MARTINEZ DE LA TORRE', '18:00:00', '2010-01-15'),
('MARTINEZ DE LA TORRE', '18:30:00', '2009-12-28'),
('MARTINEZ DE LA TORRE', '18:30:00', '2009-12-29'),
('MARTINEZ DE LA TORRE', '18:30:00', '2009-12-30'),
('MARTINEZ DE LA TORRE', '18:30:00', '2009-12-31'),
('MARTINEZ DE LA TORRE', '18:30:00', '2010-01-01'),
('MARTINEZ DE LA TORRE', '18:30:00', '2010-01-02'),
('MARTINEZ DE LA TORRE', '18:30:00', '2010-01-03'),
('MARTINEZ DE LA TORRE', '18:30:00', '2010-01-04'),
('MARTINEZ DE LA TORRE', '18:30:00', '2010-01-05'),
('MARTINEZ DE LA TORRE', '18:30:00', '2010-01-06'),
('MARTINEZ DE LA TORRE', '18:30:00', '2010-01-07'),
('MARTINEZ DE LA TORRE', '18:30:00', '2010-01-08'),
('MARTINEZ DE LA TORRE', '18:30:00', '2010-01-09'),
('MARTINEZ DE LA TORRE', '18:30:00', '2010-01-10'),
('MARTINEZ DE LA TORRE', '18:30:00', '2010-01-11'),
('MARTINEZ DE LA TORRE', '18:30:00', '2010-01-12'),
('MARTINEZ DE LA TORRE', '18:30:00', '2010-01-13'),
('MARTINEZ DE LA TORRE', '18:30:00', '2010-01-14'),
('MARTINEZ DE LA TORRE', '18:30:00', '2010-01-15'),
('MARTINEZ DE LA TORRE', '19:00:00', '2009-12-28'),
('MARTINEZ DE LA TORRE', '19:00:00', '2009-12-29'),
('MARTINEZ DE LA TORRE', '19:00:00', '2009-12-30'),
('MARTINEZ DE LA TORRE', '19:00:00', '2009-12-31'),
('MARTINEZ DE LA TORRE', '19:00:00', '2010-01-01'),
('MARTINEZ DE LA TORRE', '19:00:00', '2010-01-02'),
('MARTINEZ DE LA TORRE', '19:00:00', '2010-01-03'),
('MARTINEZ DE LA TORRE', '19:00:00', '2010-01-04'),
('MARTINEZ DE LA TORRE', '19:00:00', '2010-01-05'),
('MARTINEZ DE LA TORRE', '19:00:00', '2010-01-06'),
('MARTINEZ DE LA TORRE', '19:00:00', '2010-01-07'),
('MARTINEZ DE LA TORRE', '19:00:00', '2010-01-08'),
('MARTINEZ DE LA TORRE', '19:00:00', '2010-01-09'),
('MARTINEZ DE LA TORRE', '19:00:00', '2010-01-10'),
('MARTINEZ DE LA TORRE', '19:00:00', '2010-01-11'),
('MARTINEZ DE LA TORRE', '19:00:00', '2010-01-12'),
('MARTINEZ DE LA TORRE', '19:00:00', '2010-01-13'),
('MARTINEZ DE LA TORRE', '19:00:00', '2010-01-14'),
('MARTINEZ DE LA TORRE', '19:00:00', '2010-01-15'),
('MARTINEZ DE LA TORRE', '19:30:00', '2009-12-28'),
('MARTINEZ DE LA TORRE', '19:30:00', '2009-12-29'),
('MARTINEZ DE LA TORRE', '19:30:00', '2009-12-30'),
('MARTINEZ DE LA TORRE', '19:30:00', '2009-12-31'),
('MARTINEZ DE LA TORRE', '19:30:00', '2010-01-01'),
('MARTINEZ DE LA TORRE', '19:30:00', '2010-01-02'),
('MARTINEZ DE LA TORRE', '19:30:00', '2010-01-03'),
('MARTINEZ DE LA TORRE', '19:30:00', '2010-01-04'),
('MARTINEZ DE LA TORRE', '19:30:00', '2010-01-05'),
('MARTINEZ DE LA TORRE', '19:30:00', '2010-01-06'),
('MARTINEZ DE LA TORRE', '19:30:00', '2010-01-07'),
('MARTINEZ DE LA TORRE', '19:30:00', '2010-01-08'),
('MARTINEZ DE LA TORRE', '19:30:00', '2010-01-09'),
('MARTINEZ DE LA TORRE', '19:30:00', '2010-01-10'),
('MARTINEZ DE LA TORRE', '19:30:00', '2010-01-11'),
('MARTINEZ DE LA TORRE', '19:30:00', '2010-01-12'),
('MARTINEZ DE LA TORRE', '19:30:00', '2010-01-13'),
('MARTINEZ DE LA TORRE', '19:30:00', '2010-01-14'),
('MARTINEZ DE LA TORRE', '19:30:00', '2010-01-15'),
('MARTINEZ DE LA TORRE', '20:00:00', '2009-12-28'),
('MARTINEZ DE LA TORRE', '20:00:00', '2009-12-29'),
('MARTINEZ DE LA TORRE', '20:00:00', '2009-12-30'),
('MARTINEZ DE LA TORRE', '20:00:00', '2009-12-31'),
('MARTINEZ DE LA TORRE', '20:00:00', '2010-01-01'),
('MARTINEZ DE LA TORRE', '20:00:00', '2010-01-02'),
('MARTINEZ DE LA TORRE', '20:00:00', '2010-01-03'),
('MARTINEZ DE LA TORRE', '20:00:00', '2010-01-04'),
('MARTINEZ DE LA TORRE', '20:00:00', '2010-01-05'),
('MARTINEZ DE LA TORRE', '20:00:00', '2010-01-06'),
('MARTINEZ DE LA TORRE', '20:00:00', '2010-01-07'),
('MARTINEZ DE LA TORRE', '20:00:00', '2010-01-08'),
('MARTINEZ DE LA TORRE', '20:00:00', '2010-01-09'),
('MARTINEZ DE LA TORRE', '20:00:00', '2010-01-10'),
('MARTINEZ DE LA TORRE', '20:00:00', '2010-01-11'),
('MARTINEZ DE LA TORRE', '20:00:00', '2010-01-12'),
('MARTINEZ DE LA TORRE', '20:00:00', '2010-01-13'),
('MARTINEZ DE LA TORRE', '20:00:00', '2010-01-14'),
('MARTINEZ DE LA TORRE', '20:00:00', '2010-01-15'),
('MARTINEZ DE LA TORRE', '20:30:00', '2009-12-28'),
('MARTINEZ DE LA TORRE', '20:30:00', '2009-12-29'),
('MARTINEZ DE LA TORRE', '20:30:00', '2009-12-30'),
('MARTINEZ DE LA TORRE', '20:30:00', '2009-12-31'),
('MARTINEZ DE LA TORRE', '20:30:00', '2010-01-01'),
('MARTINEZ DE LA TORRE', '20:30:00', '2010-01-02'),
('MARTINEZ DE LA TORRE', '20:30:00', '2010-01-03'),
('MARTINEZ DE LA TORRE', '20:30:00', '2010-01-04'),
('MARTINEZ DE LA TORRE', '20:30:00', '2010-01-05'),
('MARTINEZ DE LA TORRE', '20:30:00', '2010-01-06'),
('MARTINEZ DE LA TORRE', '20:30:00', '2010-01-07'),
('MARTINEZ DE LA TORRE', '20:30:00', '2010-01-08'),
('MARTINEZ DE LA TORRE', '20:30:00', '2010-01-09'),
('MARTINEZ DE LA TORRE', '20:30:00', '2010-01-10'),
('MARTINEZ DE LA TORRE', '20:30:00', '2010-01-11'),
('MARTINEZ DE LA TORRE', '20:30:00', '2010-01-12'),
('MARTINEZ DE LA TORRE', '20:30:00', '2010-01-13'),
('MARTINEZ DE LA TORRE', '20:30:00', '2010-01-14'),
('MARTINEZ DE LA TORRE', '20:30:00', '2010-01-15'),
('MARTINEZ DE LA TORRE', '21:00:00', '2009-12-28'),
('MARTINEZ DE LA TORRE', '21:00:00', '2009-12-29'),
('MARTINEZ DE LA TORRE', '21:00:00', '2009-12-30'),
('MARTINEZ DE LA TORRE', '21:00:00', '2009-12-31'),
('MARTINEZ DE LA TORRE', '21:00:00', '2010-01-01'),
('MARTINEZ DE LA TORRE', '21:00:00', '2010-01-02'),
('MARTINEZ DE LA TORRE', '21:00:00', '2010-01-03'),
('MARTINEZ DE LA TORRE', '21:00:00', '2010-01-04'),
('MARTINEZ DE LA TORRE', '21:00:00', '2010-01-05'),
('MARTINEZ DE LA TORRE', '21:00:00', '2010-01-06'),
('MARTINEZ DE LA TORRE', '21:00:00', '2010-01-07'),
('MARTINEZ DE LA TORRE', '21:00:00', '2010-01-08'),
('MARTINEZ DE LA TORRE', '21:00:00', '2010-01-09'),
('MARTINEZ DE LA TORRE', '21:00:00', '2010-01-10'),
('MARTINEZ DE LA TORRE', '21:00:00', '2010-01-11'),
('MARTINEZ DE LA TORRE', '21:00:00', '2010-01-12'),
('MARTINEZ DE LA TORRE', '21:00:00', '2010-01-13'),
('MARTINEZ DE LA TORRE', '21:00:00', '2010-01-14'),
('MARTINEZ DE LA TORRE', '21:00:00', '2010-01-15'),
('TLAPACOYAN', '07:00:00', '2009-12-28'),
('TLAPACOYAN', '07:00:00', '2009-12-29'),
('TLAPACOYAN', '07:00:00', '2009-12-30'),
('TLAPACOYAN', '07:00:00', '2009-12-31'),
('TLAPACOYAN', '07:00:00', '2010-01-01'),
('TLAPACOYAN', '07:00:00', '2010-01-02'),
('TLAPACOYAN', '07:00:00', '2010-01-03'),
('TLAPACOYAN', '07:00:00', '2010-01-04'),
('TLAPACOYAN', '07:00:00', '2010-01-05'),
('TLAPACOYAN', '07:00:00', '2010-01-06'),
('TLAPACOYAN', '07:00:00', '2010-01-07'),
('TLAPACOYAN', '07:00:00', '2010-01-08'),
('TLAPACOYAN', '07:00:00', '2010-01-09'),
('TLAPACOYAN', '07:00:00', '2010-01-10'),
('TLAPACOYAN', '07:00:00', '2010-01-11'),
('TLAPACOYAN', '07:00:00', '2010-01-12'),
('TLAPACOYAN', '07:00:00', '2010-01-13'),
('TLAPACOYAN', '07:00:00', '2010-01-14'),
('TLAPACOYAN', '07:00:00', '2010-01-15'),
('TLAPACOYAN', '07:30:00', '2009-12-28'),
('TLAPACOYAN', '07:30:00', '2009-12-29'),
('TLAPACOYAN', '07:30:00', '2009-12-30'),
('TLAPACOYAN', '07:30:00', '2009-12-31'),
('TLAPACOYAN', '07:30:00', '2010-01-01'),
('TLAPACOYAN', '07:30:00', '2010-01-02'),
('TLAPACOYAN', '07:30:00', '2010-01-03'),
('TLAPACOYAN', '07:30:00', '2010-01-04'),
('TLAPACOYAN', '07:30:00', '2010-01-05'),
('TLAPACOYAN', '07:30:00', '2010-01-06'),
('TLAPACOYAN', '07:30:00', '2010-01-07'),
('TLAPACOYAN', '07:30:00', '2010-01-08'),
('TLAPACOYAN', '07:30:00', '2010-01-09'),
('TLAPACOYAN', '07:30:00', '2010-01-10'),
('TLAPACOYAN', '07:30:00', '2010-01-11'),
('TLAPACOYAN', '07:30:00', '2010-01-12'),
('TLAPACOYAN', '07:30:00', '2010-01-13'),
('TLAPACOYAN', '07:30:00', '2010-01-14'),
('TLAPACOYAN', '07:30:00', '2010-01-15'),
('TLAPACOYAN', '08:00:00', '2009-12-28'),
('TLAPACOYAN', '08:00:00', '2009-12-29'),
('TLAPACOYAN', '08:00:00', '2009-12-30'),
('TLAPACOYAN', '08:00:00', '2009-12-31'),
('TLAPACOYAN', '08:00:00', '2010-01-01'),
('TLAPACOYAN', '08:00:00', '2010-01-02'),
('TLAPACOYAN', '08:00:00', '2010-01-03'),
('TLAPACOYAN', '08:00:00', '2010-01-04'),
('TLAPACOYAN', '08:00:00', '2010-01-05'),
('TLAPACOYAN', '08:00:00', '2010-01-06'),
('TLAPACOYAN', '08:00:00', '2010-01-07'),
('TLAPACOYAN', '08:00:00', '2010-01-08'),
('TLAPACOYAN', '08:00:00', '2010-01-09'),
('TLAPACOYAN', '08:00:00', '2010-01-10'),
('TLAPACOYAN', '08:00:00', '2010-01-11'),
('TLAPACOYAN', '08:00:00', '2010-01-12'),
('TLAPACOYAN', '08:00:00', '2010-01-13'),
('TLAPACOYAN', '08:00:00', '2010-01-14'),
('TLAPACOYAN', '08:00:00', '2010-01-15'),
('TLAPACOYAN', '08:30:00', '2009-12-28'),
('TLAPACOYAN', '08:30:00', '2009-12-29'),
('TLAPACOYAN', '08:30:00', '2009-12-30'),
('TLAPACOYAN', '08:30:00', '2009-12-31'),
('TLAPACOYAN', '08:30:00', '2010-01-01'),
('TLAPACOYAN', '08:30:00', '2010-01-02'),
('TLAPACOYAN', '08:30:00', '2010-01-03'),
('TLAPACOYAN', '08:30:00', '2010-01-04'),
('TLAPACOYAN', '08:30:00', '2010-01-05'),
('TLAPACOYAN', '08:30:00', '2010-01-06'),
('TLAPACOYAN', '08:30:00', '2010-01-07'),
('TLAPACOYAN', '08:30:00', '2010-01-08'),
('TLAPACOYAN', '08:30:00', '2010-01-09'),
('TLAPACOYAN', '08:30:00', '2010-01-10'),
('TLAPACOYAN', '08:30:00', '2010-01-11'),
('TLAPACOYAN', '08:30:00', '2010-01-12'),
('TLAPACOYAN', '08:30:00', '2010-01-13'),
('TLAPACOYAN', '08:30:00', '2010-01-14'),
('TLAPACOYAN', '08:30:00', '2010-01-15'),
('TLAPACOYAN', '09:00:00', '2009-12-28'),
('TLAPACOYAN', '09:00:00', '2009-12-29'),
('TLAPACOYAN', '09:00:00', '2009-12-30'),
('TLAPACOYAN', '09:00:00', '2009-12-31'),
('TLAPACOYAN', '09:00:00', '2010-01-01'),
('TLAPACOYAN', '09:00:00', '2010-01-02'),
('TLAPACOYAN', '09:00:00', '2010-01-03'),
('TLAPACOYAN', '09:00:00', '2010-01-04'),
('TLAPACOYAN', '09:00:00', '2010-01-05'),
('TLAPACOYAN', '09:00:00', '2010-01-06'),
('TLAPACOYAN', '09:00:00', '2010-01-07'),
('TLAPACOYAN', '09:00:00', '2010-01-08'),
('TLAPACOYAN', '09:00:00', '2010-01-09'),
('TLAPACOYAN', '09:00:00', '2010-01-10'),
('TLAPACOYAN', '09:00:00', '2010-01-11'),
('TLAPACOYAN', '09:00:00', '2010-01-12'),
('TLAPACOYAN', '09:00:00', '2010-01-13'),
('TLAPACOYAN', '09:00:00', '2010-01-14'),
('TLAPACOYAN', '09:00:00', '2010-01-15'),
('TLAPACOYAN', '09:30:00', '2009-12-28'),
('TLAPACOYAN', '09:30:00', '2009-12-29'),
('TLAPACOYAN', '09:30:00', '2009-12-30'),
('TLAPACOYAN', '09:30:00', '2009-12-31'),
('TLAPACOYAN', '09:30:00', '2010-01-01'),
('TLAPACOYAN', '09:30:00', '2010-01-02'),
('TLAPACOYAN', '09:30:00', '2010-01-03'),
('TLAPACOYAN', '09:30:00', '2010-01-04'),
('TLAPACOYAN', '09:30:00', '2010-01-05'),
('TLAPACOYAN', '09:30:00', '2010-01-06'),
('TLAPACOYAN', '09:30:00', '2010-01-07'),
('TLAPACOYAN', '09:30:00', '2010-01-08'),
('TLAPACOYAN', '09:30:00', '2010-01-09'),
('TLAPACOYAN', '09:30:00', '2010-01-10'),
('TLAPACOYAN', '09:30:00', '2010-01-11'),
('TLAPACOYAN', '09:30:00', '2010-01-12'),
('TLAPACOYAN', '09:30:00', '2010-01-13'),
('TLAPACOYAN', '09:30:00', '2010-01-14'),
('TLAPACOYAN', '09:30:00', '2010-01-15'),
('TLAPACOYAN', '10:00:00', '2009-12-28'),
('TLAPACOYAN', '10:00:00', '2009-12-29'),
('TLAPACOYAN', '10:00:00', '2009-12-30'),
('TLAPACOYAN', '10:00:00', '2009-12-31'),
('TLAPACOYAN', '10:00:00', '2010-01-01'),
('TLAPACOYAN', '10:00:00', '2010-01-02'),
('TLAPACOYAN', '10:00:00', '2010-01-03'),
('TLAPACOYAN', '10:00:00', '2010-01-04'),
('TLAPACOYAN', '10:00:00', '2010-01-05'),
('TLAPACOYAN', '10:00:00', '2010-01-06'),
('TLAPACOYAN', '10:00:00', '2010-01-07'),
('TLAPACOYAN', '10:00:00', '2010-01-08'),
('TLAPACOYAN', '10:00:00', '2010-01-09'),
('TLAPACOYAN', '10:00:00', '2010-01-10'),
('TLAPACOYAN', '10:00:00', '2010-01-11'),
('TLAPACOYAN', '10:00:00', '2010-01-12'),
('TLAPACOYAN', '10:00:00', '2010-01-13'),
('TLAPACOYAN', '10:00:00', '2010-01-14'),
('TLAPACOYAN', '10:00:00', '2010-01-15'),
('TLAPACOYAN', '10:30:00', '2009-12-28'),
('TLAPACOYAN', '10:30:00', '2009-12-29'),
('TLAPACOYAN', '10:30:00', '2009-12-30'),
('TLAPACOYAN', '10:30:00', '2009-12-31'),
('TLAPACOYAN', '10:30:00', '2010-01-01'),
('TLAPACOYAN', '10:30:00', '2010-01-02'),
('TLAPACOYAN', '10:30:00', '2010-01-03'),
('TLAPACOYAN', '10:30:00', '2010-01-04'),
('TLAPACOYAN', '10:30:00', '2010-01-05'),
('TLAPACOYAN', '10:30:00', '2010-01-06'),
('TLAPACOYAN', '10:30:00', '2010-01-07'),
('TLAPACOYAN', '10:30:00', '2010-01-08'),
('TLAPACOYAN', '10:30:00', '2010-01-09'),
('TLAPACOYAN', '10:30:00', '2010-01-10'),
('TLAPACOYAN', '10:30:00', '2010-01-11'),
('TLAPACOYAN', '10:30:00', '2010-01-12'),
('TLAPACOYAN', '10:30:00', '2010-01-13'),
('TLAPACOYAN', '10:30:00', '2010-01-14'),
('TLAPACOYAN', '10:30:00', '2010-01-15'),
('TLAPACOYAN', '11:00:00', '2009-12-28'),
('TLAPACOYAN', '11:00:00', '2009-12-29'),
('TLAPACOYAN', '11:00:00', '2009-12-30'),
('TLAPACOYAN', '11:00:00', '2009-12-31'),
('TLAPACOYAN', '11:00:00', '2010-01-01'),
('TLAPACOYAN', '11:00:00', '2010-01-02'),
('TLAPACOYAN', '11:00:00', '2010-01-03'),
('TLAPACOYAN', '11:00:00', '2010-01-04'),
('TLAPACOYAN', '11:00:00', '2010-01-05'),
('TLAPACOYAN', '11:00:00', '2010-01-06'),
('TLAPACOYAN', '11:00:00', '2010-01-07'),
('TLAPACOYAN', '11:00:00', '2010-01-08'),
('TLAPACOYAN', '11:00:00', '2010-01-09'),
('TLAPACOYAN', '11:00:00', '2010-01-10'),
('TLAPACOYAN', '11:00:00', '2010-01-11'),
('TLAPACOYAN', '11:00:00', '2010-01-12'),
('TLAPACOYAN', '11:00:00', '2010-01-13'),
('TLAPACOYAN', '11:00:00', '2010-01-14'),
('TLAPACOYAN', '11:00:00', '2010-01-15'),
('TLAPACOYAN', '11:30:00', '2009-12-28'),
('TLAPACOYAN', '11:30:00', '2009-12-29'),
('TLAPACOYAN', '11:30:00', '2009-12-30'),
('TLAPACOYAN', '11:30:00', '2009-12-31'),
('TLAPACOYAN', '11:30:00', '2010-01-01'),
('TLAPACOYAN', '11:30:00', '2010-01-02'),
('TLAPACOYAN', '11:30:00', '2010-01-03'),
('TLAPACOYAN', '11:30:00', '2010-01-04'),
('TLAPACOYAN', '11:30:00', '2010-01-05'),
('TLAPACOYAN', '11:30:00', '2010-01-06'),
('TLAPACOYAN', '11:30:00', '2010-01-07'),
('TLAPACOYAN', '11:30:00', '2010-01-08'),
('TLAPACOYAN', '11:30:00', '2010-01-09'),
('TLAPACOYAN', '11:30:00', '2010-01-10'),
('TLAPACOYAN', '11:30:00', '2010-01-11'),
('TLAPACOYAN', '11:30:00', '2010-01-12'),
('TLAPACOYAN', '11:30:00', '2010-01-13'),
('TLAPACOYAN', '11:30:00', '2010-01-14'),
('TLAPACOYAN', '11:30:00', '2010-01-15'),
('TLAPACOYAN', '12:00:00', '2009-12-28'),
('TLAPACOYAN', '12:00:00', '2009-12-29'),
('TLAPACOYAN', '12:00:00', '2009-12-30'),
('TLAPACOYAN', '12:00:00', '2009-12-31'),
('TLAPACOYAN', '12:00:00', '2010-01-01'),
('TLAPACOYAN', '12:00:00', '2010-01-02'),
('TLAPACOYAN', '12:00:00', '2010-01-03'),
('TLAPACOYAN', '12:00:00', '2010-01-04'),
('TLAPACOYAN', '12:00:00', '2010-01-05'),
('TLAPACOYAN', '12:00:00', '2010-01-06'),
('TLAPACOYAN', '12:00:00', '2010-01-07'),
('TLAPACOYAN', '12:00:00', '2010-01-08'),
('TLAPACOYAN', '12:00:00', '2010-01-09'),
('TLAPACOYAN', '12:00:00', '2010-01-10'),
('TLAPACOYAN', '12:00:00', '2010-01-11'),
('TLAPACOYAN', '12:00:00', '2010-01-12'),
('TLAPACOYAN', '12:00:00', '2010-01-13'),
('TLAPACOYAN', '12:00:00', '2010-01-14'),
('TLAPACOYAN', '12:00:00', '2010-01-15'),
('TLAPACOYAN', '12:30:00', '2009-12-28'),
('TLAPACOYAN', '12:30:00', '2009-12-29'),
('TLAPACOYAN', '12:30:00', '2009-12-30'),
('TLAPACOYAN', '12:30:00', '2009-12-31'),
('TLAPACOYAN', '12:30:00', '2010-01-01'),
('TLAPACOYAN', '12:30:00', '2010-01-02'),
('TLAPACOYAN', '12:30:00', '2010-01-03'),
('TLAPACOYAN', '12:30:00', '2010-01-04'),
('TLAPACOYAN', '12:30:00', '2010-01-05'),
('TLAPACOYAN', '12:30:00', '2010-01-06'),
('TLAPACOYAN', '12:30:00', '2010-01-07'),
('TLAPACOYAN', '12:30:00', '2010-01-08'),
('TLAPACOYAN', '12:30:00', '2010-01-09'),
('TLAPACOYAN', '12:30:00', '2010-01-10'),
('TLAPACOYAN', '12:30:00', '2010-01-11'),
('TLAPACOYAN', '12:30:00', '2010-01-12'),
('TLAPACOYAN', '12:30:00', '2010-01-13'),
('TLAPACOYAN', '12:30:00', '2010-01-14'),
('TLAPACOYAN', '12:30:00', '2010-01-15'),
('TLAPACOYAN', '13:00:00', '2009-12-28'),
('TLAPACOYAN', '13:00:00', '2009-12-29'),
('TLAPACOYAN', '13:00:00', '2009-12-30'),
('TLAPACOYAN', '13:00:00', '2009-12-31'),
('TLAPACOYAN', '13:00:00', '2010-01-01'),
('TLAPACOYAN', '13:00:00', '2010-01-02'),
('TLAPACOYAN', '13:00:00', '2010-01-03'),
('TLAPACOYAN', '13:00:00', '2010-01-04'),
('TLAPACOYAN', '13:00:00', '2010-01-05'),
('TLAPACOYAN', '13:00:00', '2010-01-06'),
('TLAPACOYAN', '13:00:00', '2010-01-07'),
('TLAPACOYAN', '13:00:00', '2010-01-08'),
('TLAPACOYAN', '13:00:00', '2010-01-09'),
('TLAPACOYAN', '13:00:00', '2010-01-10'),
('TLAPACOYAN', '13:00:00', '2010-01-11'),
('TLAPACOYAN', '13:00:00', '2010-01-12'),
('TLAPACOYAN', '13:00:00', '2010-01-13'),
('TLAPACOYAN', '13:00:00', '2010-01-14'),
('TLAPACOYAN', '13:00:00', '2010-01-15'),
('TLAPACOYAN', '13:30:00', '2009-12-28'),
('TLAPACOYAN', '13:30:00', '2009-12-29'),
('TLAPACOYAN', '13:30:00', '2009-12-30'),
('TLAPACOYAN', '13:30:00', '2009-12-31'),
('TLAPACOYAN', '13:30:00', '2010-01-01'),
('TLAPACOYAN', '13:30:00', '2010-01-02'),
('TLAPACOYAN', '13:30:00', '2010-01-03'),
('TLAPACOYAN', '13:30:00', '2010-01-04'),
('TLAPACOYAN', '13:30:00', '2010-01-05'),
('TLAPACOYAN', '13:30:00', '2010-01-06'),
('TLAPACOYAN', '13:30:00', '2010-01-07'),
('TLAPACOYAN', '13:30:00', '2010-01-08'),
('TLAPACOYAN', '13:30:00', '2010-01-09'),
('TLAPACOYAN', '13:30:00', '2010-01-10'),
('TLAPACOYAN', '13:30:00', '2010-01-11'),
('TLAPACOYAN', '13:30:00', '2010-01-12'),
('TLAPACOYAN', '13:30:00', '2010-01-13'),
('TLAPACOYAN', '13:30:00', '2010-01-14'),
('TLAPACOYAN', '13:30:00', '2010-01-15'),
('TLAPACOYAN', '14:00:00', '2009-12-28'),
('TLAPACOYAN', '14:00:00', '2009-12-29'),
('TLAPACOYAN', '14:00:00', '2009-12-30'),
('TLAPACOYAN', '14:00:00', '2009-12-31'),
('TLAPACOYAN', '14:00:00', '2010-01-01'),
('TLAPACOYAN', '14:00:00', '2010-01-02'),
('TLAPACOYAN', '14:00:00', '2010-01-03'),
('TLAPACOYAN', '14:00:00', '2010-01-04'),
('TLAPACOYAN', '14:00:00', '2010-01-05'),
('TLAPACOYAN', '14:00:00', '2010-01-06'),
('TLAPACOYAN', '14:00:00', '2010-01-07'),
('TLAPACOYAN', '14:00:00', '2010-01-08'),
('TLAPACOYAN', '14:00:00', '2010-01-09'),
('TLAPACOYAN', '14:00:00', '2010-01-10'),
('TLAPACOYAN', '14:00:00', '2010-01-11'),
('TLAPACOYAN', '14:00:00', '2010-01-12'),
('TLAPACOYAN', '14:00:00', '2010-01-13'),
('TLAPACOYAN', '14:00:00', '2010-01-14'),
('TLAPACOYAN', '14:00:00', '2010-01-15'),
('TLAPACOYAN', '14:30:00', '2009-12-28'),
('TLAPACOYAN', '14:30:00', '2009-12-29'),
('TLAPACOYAN', '14:30:00', '2009-12-30'),
('TLAPACOYAN', '14:30:00', '2009-12-31'),
('TLAPACOYAN', '14:30:00', '2010-01-01'),
('TLAPACOYAN', '14:30:00', '2010-01-02'),
('TLAPACOYAN', '14:30:00', '2010-01-03'),
('TLAPACOYAN', '14:30:00', '2010-01-04'),
('TLAPACOYAN', '14:30:00', '2010-01-05'),
('TLAPACOYAN', '14:30:00', '2010-01-06'),
('TLAPACOYAN', '14:30:00', '2010-01-07'),
('TLAPACOYAN', '14:30:00', '2010-01-08'),
('TLAPACOYAN', '14:30:00', '2010-01-09'),
('TLAPACOYAN', '14:30:00', '2010-01-10'),
('TLAPACOYAN', '14:30:00', '2010-01-11'),
('TLAPACOYAN', '14:30:00', '2010-01-12'),
('TLAPACOYAN', '14:30:00', '2010-01-13'),
('TLAPACOYAN', '14:30:00', '2010-01-14'),
('TLAPACOYAN', '14:30:00', '2010-01-15'),
('TLAPACOYAN', '15:00:00', '2009-12-28'),
('TLAPACOYAN', '15:00:00', '2009-12-29'),
('TLAPACOYAN', '15:00:00', '2009-12-30'),
('TLAPACOYAN', '15:00:00', '2009-12-31'),
('TLAPACOYAN', '15:00:00', '2010-01-01'),
('TLAPACOYAN', '15:00:00', '2010-01-02'),
('TLAPACOYAN', '15:00:00', '2010-01-03'),
('TLAPACOYAN', '15:00:00', '2010-01-04'),
('TLAPACOYAN', '15:00:00', '2010-01-05'),
('TLAPACOYAN', '15:00:00', '2010-01-06'),
('TLAPACOYAN', '15:00:00', '2010-01-07'),
('TLAPACOYAN', '15:00:00', '2010-01-08'),
('TLAPACOYAN', '15:00:00', '2010-01-09'),
('TLAPACOYAN', '15:00:00', '2010-01-10'),
('TLAPACOYAN', '15:00:00', '2010-01-11'),
('TLAPACOYAN', '15:00:00', '2010-01-12'),
('TLAPACOYAN', '15:00:00', '2010-01-13'),
('TLAPACOYAN', '15:00:00', '2010-01-14'),
('TLAPACOYAN', '15:00:00', '2010-01-15'),
('TLAPACOYAN', '15:30:00', '2009-12-28'),
('TLAPACOYAN', '15:30:00', '2009-12-29'),
('TLAPACOYAN', '15:30:00', '2009-12-30'),
('TLAPACOYAN', '15:30:00', '2009-12-31'),
('TLAPACOYAN', '15:30:00', '2010-01-01'),
('TLAPACOYAN', '15:30:00', '2010-01-02'),
('TLAPACOYAN', '15:30:00', '2010-01-03'),
('TLAPACOYAN', '15:30:00', '2010-01-04'),
('TLAPACOYAN', '15:30:00', '2010-01-05'),
('TLAPACOYAN', '15:30:00', '2010-01-06'),
('TLAPACOYAN', '15:30:00', '2010-01-07'),
('TLAPACOYAN', '15:30:00', '2010-01-08'),
('TLAPACOYAN', '15:30:00', '2010-01-09'),
('TLAPACOYAN', '15:30:00', '2010-01-10'),
('TLAPACOYAN', '15:30:00', '2010-01-11'),
('TLAPACOYAN', '15:30:00', '2010-01-12'),
('TLAPACOYAN', '15:30:00', '2010-01-13'),
('TLAPACOYAN', '15:30:00', '2010-01-14'),
('TLAPACOYAN', '15:30:00', '2010-01-15'),
('TLAPACOYAN', '16:00:00', '2009-12-28'),
('TLAPACOYAN', '16:00:00', '2009-12-29'),
('TLAPACOYAN', '16:00:00', '2009-12-30'),
('TLAPACOYAN', '16:00:00', '2009-12-31'),
('TLAPACOYAN', '16:00:00', '2010-01-01'),
('TLAPACOYAN', '16:00:00', '2010-01-02'),
('TLAPACOYAN', '16:00:00', '2010-01-03'),
('TLAPACOYAN', '16:00:00', '2010-01-04'),
('TLAPACOYAN', '16:00:00', '2010-01-05'),
('TLAPACOYAN', '16:00:00', '2010-01-06'),
('TLAPACOYAN', '16:00:00', '2010-01-07'),
('TLAPACOYAN', '16:00:00', '2010-01-08'),
('TLAPACOYAN', '16:00:00', '2010-01-09'),
('TLAPACOYAN', '16:00:00', '2010-01-10'),
('TLAPACOYAN', '16:00:00', '2010-01-11'),
('TLAPACOYAN', '16:00:00', '2010-01-12'),
('TLAPACOYAN', '16:00:00', '2010-01-13'),
('TLAPACOYAN', '16:00:00', '2010-01-14'),
('TLAPACOYAN', '16:00:00', '2010-01-15'),
('TLAPACOYAN', '16:30:00', '2009-12-28'),
('TLAPACOYAN', '16:30:00', '2009-12-29'),
('TLAPACOYAN', '16:30:00', '2009-12-30'),
('TLAPACOYAN', '16:30:00', '2009-12-31'),
('TLAPACOYAN', '16:30:00', '2010-01-01'),
('TLAPACOYAN', '16:30:00', '2010-01-02'),
('TLAPACOYAN', '16:30:00', '2010-01-03'),
('TLAPACOYAN', '16:30:00', '2010-01-04'),
('TLAPACOYAN', '16:30:00', '2010-01-05'),
('TLAPACOYAN', '16:30:00', '2010-01-06'),
('TLAPACOYAN', '16:30:00', '2010-01-07'),
('TLAPACOYAN', '16:30:00', '2010-01-08'),
('TLAPACOYAN', '16:30:00', '2010-01-09'),
('TLAPACOYAN', '16:30:00', '2010-01-10'),
('TLAPACOYAN', '16:30:00', '2010-01-11'),
('TLAPACOYAN', '16:30:00', '2010-01-12'),
('TLAPACOYAN', '16:30:00', '2010-01-13'),
('TLAPACOYAN', '16:30:00', '2010-01-14'),
('TLAPACOYAN', '16:30:00', '2010-01-15'),
('TLAPACOYAN', '17:00:00', '2009-12-28'),
('TLAPACOYAN', '17:00:00', '2009-12-29'),
('TLAPACOYAN', '17:00:00', '2009-12-30'),
('TLAPACOYAN', '17:00:00', '2009-12-31'),
('TLAPACOYAN', '17:00:00', '2010-01-01'),
('TLAPACOYAN', '17:00:00', '2010-01-02'),
('TLAPACOYAN', '17:00:00', '2010-01-03'),
('TLAPACOYAN', '17:00:00', '2010-01-04'),
('TLAPACOYAN', '17:00:00', '2010-01-05'),
('TLAPACOYAN', '17:00:00', '2010-01-06'),
('TLAPACOYAN', '17:00:00', '2010-01-07'),
('TLAPACOYAN', '17:00:00', '2010-01-08'),
('TLAPACOYAN', '17:00:00', '2010-01-09'),
('TLAPACOYAN', '17:00:00', '2010-01-10'),
('TLAPACOYAN', '17:00:00', '2010-01-11'),
('TLAPACOYAN', '17:00:00', '2010-01-12'),
('TLAPACOYAN', '17:00:00', '2010-01-13'),
('TLAPACOYAN', '17:00:00', '2010-01-14'),
('TLAPACOYAN', '17:00:00', '2010-01-15'),
('TLAPACOYAN', '17:30:00', '2009-12-28'),
('TLAPACOYAN', '17:30:00', '2009-12-29'),
('TLAPACOYAN', '17:30:00', '2009-12-30'),
('TLAPACOYAN', '17:30:00', '2009-12-31'),
('TLAPACOYAN', '17:30:00', '2010-01-01'),
('TLAPACOYAN', '17:30:00', '2010-01-02'),
('TLAPACOYAN', '17:30:00', '2010-01-03'),
('TLAPACOYAN', '17:30:00', '2010-01-04'),
('TLAPACOYAN', '17:30:00', '2010-01-05'),
('TLAPACOYAN', '17:30:00', '2010-01-06'),
('TLAPACOYAN', '17:30:00', '2010-01-07'),
('TLAPACOYAN', '17:30:00', '2010-01-08'),
('TLAPACOYAN', '17:30:00', '2010-01-09'),
('TLAPACOYAN', '17:30:00', '2010-01-10'),
('TLAPACOYAN', '17:30:00', '2010-01-11'),
('TLAPACOYAN', '17:30:00', '2010-01-12'),
('TLAPACOYAN', '17:30:00', '2010-01-13'),
('TLAPACOYAN', '17:30:00', '2010-01-14'),
('TLAPACOYAN', '17:30:00', '2010-01-15'),
('TLAPACOYAN', '18:00:00', '2009-12-28'),
('TLAPACOYAN', '18:00:00', '2009-12-29'),
('TLAPACOYAN', '18:00:00', '2009-12-30'),
('TLAPACOYAN', '18:00:00', '2009-12-31'),
('TLAPACOYAN', '18:00:00', '2010-01-01'),
('TLAPACOYAN', '18:00:00', '2010-01-02'),
('TLAPACOYAN', '18:00:00', '2010-01-03'),
('TLAPACOYAN', '18:00:00', '2010-01-04'),
('TLAPACOYAN', '18:00:00', '2010-01-05'),
('TLAPACOYAN', '18:00:00', '2010-01-06'),
('TLAPACOYAN', '18:00:00', '2010-01-07'),
('TLAPACOYAN', '18:00:00', '2010-01-08'),
('TLAPACOYAN', '18:00:00', '2010-01-09'),
('TLAPACOYAN', '18:00:00', '2010-01-10'),
('TLAPACOYAN', '18:00:00', '2010-01-11'),
('TLAPACOYAN', '18:00:00', '2010-01-12'),
('TLAPACOYAN', '18:00:00', '2010-01-13'),
('TLAPACOYAN', '18:00:00', '2010-01-14'),
('TLAPACOYAN', '18:00:00', '2010-01-15'),
('TLAPACOYAN', '18:30:00', '2009-12-28'),
('TLAPACOYAN', '18:30:00', '2009-12-29'),
('TLAPACOYAN', '18:30:00', '2009-12-30'),
('TLAPACOYAN', '18:30:00', '2009-12-31'),
('TLAPACOYAN', '18:30:00', '2010-01-01'),
('TLAPACOYAN', '18:30:00', '2010-01-02'),
('TLAPACOYAN', '18:30:00', '2010-01-03'),
('TLAPACOYAN', '18:30:00', '2010-01-04'),
('TLAPACOYAN', '18:30:00', '2010-01-05'),
('TLAPACOYAN', '18:30:00', '2010-01-06'),
('TLAPACOYAN', '18:30:00', '2010-01-07'),
('TLAPACOYAN', '18:30:00', '2010-01-08'),
('TLAPACOYAN', '18:30:00', '2010-01-09'),
('TLAPACOYAN', '18:30:00', '2010-01-10'),
('TLAPACOYAN', '18:30:00', '2010-01-11'),
('TLAPACOYAN', '18:30:00', '2010-01-12'),
('TLAPACOYAN', '18:30:00', '2010-01-13'),
('TLAPACOYAN', '18:30:00', '2010-01-14'),
('TLAPACOYAN', '18:30:00', '2010-01-15'),
('TLAPACOYAN', '19:00:00', '2009-12-28'),
('TLAPACOYAN', '19:00:00', '2009-12-29'),
('TLAPACOYAN', '19:00:00', '2009-12-30'),
('TLAPACOYAN', '19:00:00', '2009-12-31'),
('TLAPACOYAN', '19:00:00', '2010-01-01'),
('TLAPACOYAN', '19:00:00', '2010-01-02'),
('TLAPACOYAN', '19:00:00', '2010-01-03'),
('TLAPACOYAN', '19:00:00', '2010-01-04'),
('TLAPACOYAN', '19:00:00', '2010-01-05'),
('TLAPACOYAN', '19:00:00', '2010-01-06'),
('TLAPACOYAN', '19:00:00', '2010-01-07'),
('TLAPACOYAN', '19:00:00', '2010-01-08'),
('TLAPACOYAN', '19:00:00', '2010-01-09'),
('TLAPACOYAN', '19:00:00', '2010-01-10'),
('TLAPACOYAN', '19:00:00', '2010-01-11'),
('TLAPACOYAN', '19:00:00', '2010-01-12'),
('TLAPACOYAN', '19:00:00', '2010-01-13'),
('TLAPACOYAN', '19:00:00', '2010-01-14'),
('TLAPACOYAN', '19:00:00', '2010-01-15'),
('TLAPACOYAN', '19:30:00', '2009-12-28'),
('TLAPACOYAN', '19:30:00', '2009-12-29'),
('TLAPACOYAN', '19:30:00', '2009-12-30'),
('TLAPACOYAN', '19:30:00', '2009-12-31'),
('TLAPACOYAN', '19:30:00', '2010-01-01'),
('TLAPACOYAN', '19:30:00', '2010-01-02'),
('TLAPACOYAN', '19:30:00', '2010-01-03'),
('TLAPACOYAN', '19:30:00', '2010-01-04'),
('TLAPACOYAN', '19:30:00', '2010-01-05'),
('TLAPACOYAN', '19:30:00', '2010-01-06'),
('TLAPACOYAN', '19:30:00', '2010-01-07'),
('TLAPACOYAN', '19:30:00', '2010-01-08'),
('TLAPACOYAN', '19:30:00', '2010-01-09'),
('TLAPACOYAN', '19:30:00', '2010-01-10'),
('TLAPACOYAN', '19:30:00', '2010-01-11'),
('TLAPACOYAN', '19:30:00', '2010-01-12'),
('TLAPACOYAN', '19:30:00', '2010-01-13'),
('TLAPACOYAN', '19:30:00', '2010-01-14'),
('TLAPACOYAN', '19:30:00', '2010-01-15'),
('TLAPACOYAN', '20:00:00', '2009-12-28'),
('TLAPACOYAN', '20:00:00', '2009-12-29'),
('TLAPACOYAN', '20:00:00', '2009-12-30'),
('TLAPACOYAN', '20:00:00', '2009-12-31'),
('TLAPACOYAN', '20:00:00', '2010-01-01'),
('TLAPACOYAN', '20:00:00', '2010-01-02'),
('TLAPACOYAN', '20:00:00', '2010-01-03'),
('TLAPACOYAN', '20:00:00', '2010-01-04'),
('TLAPACOYAN', '20:00:00', '2010-01-05'),
('TLAPACOYAN', '20:00:00', '2010-01-06'),
('TLAPACOYAN', '20:00:00', '2010-01-07'),
('TLAPACOYAN', '20:00:00', '2010-01-08'),
('TLAPACOYAN', '20:00:00', '2010-01-09'),
('TLAPACOYAN', '20:00:00', '2010-01-10'),
('TLAPACOYAN', '20:00:00', '2010-01-11'),
('TLAPACOYAN', '20:00:00', '2010-01-12'),
('TLAPACOYAN', '20:00:00', '2010-01-13'),
('TLAPACOYAN', '20:00:00', '2010-01-14'),
('TLAPACOYAN', '20:00:00', '2010-01-15'),
('TLAPACOYAN', '20:30:00', '2009-12-28'),
('TLAPACOYAN', '20:30:00', '2009-12-29'),
('TLAPACOYAN', '20:30:00', '2009-12-30'),
('TLAPACOYAN', '20:30:00', '2009-12-31'),
('TLAPACOYAN', '20:30:00', '2010-01-01'),
('TLAPACOYAN', '20:30:00', '2010-01-02'),
('TLAPACOYAN', '20:30:00', '2010-01-03'),
('TLAPACOYAN', '20:30:00', '2010-01-04'),
('TLAPACOYAN', '20:30:00', '2010-01-05'),
('TLAPACOYAN', '20:30:00', '2010-01-06'),
('TLAPACOYAN', '20:30:00', '2010-01-07'),
('TLAPACOYAN', '20:30:00', '2010-01-08'),
('TLAPACOYAN', '20:30:00', '2010-01-09'),
('TLAPACOYAN', '20:30:00', '2010-01-10'),
('TLAPACOYAN', '20:30:00', '2010-01-11'),
('TLAPACOYAN', '20:30:00', '2010-01-12'),
('TLAPACOYAN', '20:30:00', '2010-01-13'),
('TLAPACOYAN', '20:30:00', '2010-01-14'),
('TLAPACOYAN', '20:30:00', '2010-01-15'),
('TLAPACOYAN', '21:00:00', '2009-12-28'),
('TLAPACOYAN', '21:00:00', '2009-12-29'),
('TLAPACOYAN', '21:00:00', '2009-12-30'),
('TLAPACOYAN', '21:00:00', '2009-12-31'),
('TLAPACOYAN', '21:00:00', '2010-01-01'),
('TLAPACOYAN', '21:00:00', '2010-01-02'),
('TLAPACOYAN', '21:00:00', '2010-01-03'),
('TLAPACOYAN', '21:00:00', '2010-01-04'),
('TLAPACOYAN', '21:00:00', '2010-01-05'),
('TLAPACOYAN', '21:00:00', '2010-01-06'),
('TLAPACOYAN', '21:00:00', '2010-01-07'),
('TLAPACOYAN', '21:00:00', '2010-01-08'),
('TLAPACOYAN', '21:00:00', '2010-01-09'),
('TLAPACOYAN', '21:00:00', '2010-01-10'),
('TLAPACOYAN', '21:00:00', '2010-01-11'),
('TLAPACOYAN', '21:00:00', '2010-01-12'),
('TLAPACOYAN', '21:00:00', '2010-01-13'),
('TLAPACOYAN', '21:00:00', '2010-01-14'),
('TLAPACOYAN', '21:00:00', '2010-01-15');

-- --------------------------------------------------------

--
-- Estructura de tabla para la tabla `terminal`
--

CREATE TABLE IF NOT EXISTS `terminal` (
  `id_terminal` int(11) NOT NULL AUTO_INCREMENT,
  `nombre` varchar(50) NOT NULL,
  PRIMARY KEY (`id_terminal`)
) ENGINE=MyISAM  DEFAULT CHARSET=latin1 AUTO_INCREMENT=26 ;

--
-- Volcar la base de datos para la tabla `terminal`
--

INSERT INTO `terminal` (`id_terminal`, `nombre`) VALUES
(1, 'MARTINEZ DE LA TORRE'),
(2, 'TLAPACOYAN'),
(12, 'puebla'),
(11, 'poza rica'),
(10, 'Santa fe'),
(9, 'LA PAZ'),
(13, 'puebla'),
(14, 'puebla'),
(15, 'puebla'),
(16, 'puebla'),
(17, 'puebla'),
(18, 'puebla'),
(19, 'puebla'),
(20, 'Santa Martha'),
(21, 'San Juancho'),
(22, 'san juan'),
(23, 'weeeeeeeeeeeeeeeeeeeeeeeeeee'),
(24, 'San jose de las tunas'),
(25, 'weeeeeeeee');

-- --------------------------------------------------------

--
-- Estructura de tabla para la tabla `usuarios`
--

CREATE TABLE IF NOT EXISTS `usuarios` (
  `id` int(10) unsigned NOT NULL AUTO_INCREMENT,
  `username` varchar(45) NOT NULL,
  `password` text NOT NULL,
  `nombre` varchar(45) NOT NULL,
  `direccion` varchar(45) NOT NULL,
  `puesto` varchar(45) NOT NULL,
  PRIMARY KEY (`id`)
) ENGINE=InnoDB  DEFAULT CHARSET=latin1 AUTO_INCREMENT=2 ;

--
-- Volcar la base de datos para la tabla `usuarios`
--

INSERT INTO `usuarios` (`id`, `username`, `password`, `nombre`, `direccion`, `puesto`) VALUES
(1, 'admin', '7ae7bf05575421c5eaa6837c4a961ba2', 'manuel', 'domicilio conocido', 'admin');

-- --------------------------------------------------------

--
-- Estructura Stand-in para la vista `vistacorridas`
--
CREATE TABLE IF NOT EXISTS `vistacorridas` (
`ciudad` varchar(45)
,`hora_salida` time
,`fecha` date
);
-- --------------------------------------------------------

--
-- Estructura para la vista `vistacorridas`
--
DROP TABLE IF EXISTS `vistacorridas`;

CREATE ALGORITHM=UNDEFINED DEFINER=`root`@`localhost` SQL SECURITY DEFINER VIEW `vistacorridas` AS select `corridas`.`ciudad` AS `ciudad`,`corridas`.`hora_salida` AS `hora_salida`,`corridas`.`fecha` AS `fecha` from `corridas` group by `corridas`.`ciudad`,`corridas`.`fecha`,`corridas`.`hora_salida`;
